ID;CATEGORIA;NUMERO;UBICACI�N;IDHOTEL
640;ESTANDAR;88;norte;111
641;SUITE;89;oriente;121
642;SUITE;90;norte;126
643;SEMI SUITE;91;occidente;129
644;SEMI SUITE;92;sur;149
645;ESTANDAR;93;sur;151
646;SUITE;94;occidente;152
647;ESTANDAR;95;norte;35711
648;SUITE;96;oriente;35715
649;SUITE;97;norte;35724
650;SEMI SUITE;98;occidente;35726
651;ESTANDAR;99;sur;35727
652;ESTANDAR;100;sur;35733
653;SEMI SUITE;101;occidente;35736
654;SEMI SUITE;102;norte;35737
655;ESTANDAR;103;oriente;35741
656;SUITE;104;norte;35744
657;SUITE;105;occidente;35753
658;SEMI SUITE;106;sur;35755
659;SEMI SUITE;107;sur;35762
660;ESTANDAR;108;occidente;35769
661;SUITE;109;norte;35772
662;ESTANDAR;110;oriente;35773
663;SUITE;111;norte;35781
664;SUITE;112;occidente;35790
665;SEMI SUITE;113;sur;35792
666;ESTANDAR;114;sur;35794
667;ESTANDAR;115;occidente;35797
668;SEMI SUITE;116;norte;35802
669;SEMI SUITE;117;oriente;35803
670;ESTANDAR;118;norte;35809
671;SUITE;119;occidente;35811
672;SUITE;120;sur;35813
673;SEMI SUITE;121;sur;35817
674;SEMI SUITE;122;occidente;35818
675;ESTANDAR;123;norte;35819
676;SUITE;124;oriente;35821
677;ESTANDAR;125;norte;35822
678;SUITE;126;occidente;35831
679;SUITE;127;sur;35833
680;SEMI SUITE;128;sur;35840
681;ESTANDAR;129;occidente;35849
682;ESTANDAR;130;norte;35855
683;SEMI SUITE;131;oriente;35860
684;SEMI SUITE;132;norte;35863
685;ESTANDAR;133;occidente;35867
686;SUITE;134;sur;35875
687;SUITE;135;sur;35878
688;SEMI SUITE;136;occidente;35883
689;SEMI SUITE;137;norte;35889
690;ESTANDAR;138;oriente;35896
691;SUITE;139;norte;35913
692;ESTANDAR;140;occidente;35914
693;SUITE;141;sur;35924
694;SUITE;142;sur;35925
695;SEMI SUITE;143;occidente;35927
696;ESTANDAR;144;norte;35929
697;ESTANDAR;145;oriente;35937
698;SEMI SUITE;146;norte;35940
699;SEMI SUITE;147;occidente;35941
700;ESTANDAR;148;sur;35942
701;SUITE;149;sur;35948
702;SUITE;150;occidente;35949
703;SEMI SUITE;151;norte;35958
704;SEMI SUITE;152;oriente;35964
705;ESTANDAR;153;norte;35969
706;SUITE;154;occidente;35989
707;ESTANDAR;155;sur;35992
708;SUITE;156;sur;35996
709;SUITE;157;occidente;35999
710;SEMI SUITE;158;norte;36000
711;ESTANDAR;159;oriente;36001
712;ESTANDAR;160;norte;36010
713;SEMI SUITE;161;occidente;36029
714;SEMI SUITE;162;sur;36033
715;ESTANDAR;163;sur;36035
716;SUITE;164;occidente;36037
717;SUITE;165;norte;36044
718;SEMI SUITE;166;oriente;36050
719;SEMI SUITE;167;norte;36051
720;ESTANDAR;168;occidente;36055
721;SUITE;169;sur;36056
722;ESTANDAR;170;sur;36057
723;SUITE;171;occidente;36063
724;SUITE;172;norte;36064
725;SEMI SUITE;173;oriente;36074
726;ESTANDAR;174;norte;36083
727;ESTANDAR;175;occidente;36087
728;SEMI SUITE;176;sur;36098
729;SEMI SUITE;177;sur;36111
730;ESTANDAR;178;occidente;36113
731;SUITE;179;norte;36114
732;SUITE;180;oriente;36121
733;SEMI SUITE;181;norte;36122
734;SEMI SUITE;182;occidente;36132
735;ESTANDAR;183;sur;36139
736;SUITE;184;sur;36143
737;ESTANDAR;185;occidente;36150
738;SUITE;186;norte;36151
739;SUITE;187;oriente;111
740;SEMI SUITE;188;norte;121
741;ESTANDAR;189;occidente;126
742;ESTANDAR;190;sur;129
743;SEMI SUITE;191;sur;149
744;SEMI SUITE;192;occidente;151
745;ESTANDAR;193;norte;152
746;SUITE;194;oriente;35711
747;SUITE;195;norte;35715
748;SEMI SUITE;196;occidente;35724
749;SEMI SUITE;197;sur;35726
750;ESTANDAR;198;sur;35727
751;SUITE;199;occidente;35733
752;ESTANDAR;200;norte;35736
753;SUITE;201;oriente;35737
754;SUITE;202;norte;35741
755;SEMI SUITE;203;occidente;35744
756;ESTANDAR;204;sur;35753
757;ESTANDAR;205;sur;35755
758;SEMI SUITE;206;occidente;35762
759;SEMI SUITE;207;norte;35769
760;ESTANDAR;208;oriente;35772
761;SUITE;209;norte;35773
762;SUITE;210;occidente;35781
763;SEMI SUITE;211;sur;35790
764;SEMI SUITE;212;sur;35792
765;ESTANDAR;213;occidente;35794
766;SUITE;214;norte;35797
767;ESTANDAR;215;oriente;35802
768;SUITE;216;norte;35803
769;SUITE;217;occidente;35809
770;SEMI SUITE;218;sur;35811
771;ESTANDAR;219;sur;35813
772;ESTANDAR;220;occidente;35817
773;SEMI SUITE;221;norte;35818
774;SEMI SUITE;222;oriente;35819
775;ESTANDAR;223;norte;35821
776;SUITE;224;occidente;35822
777;SUITE;225;sur;35831
778;SEMI SUITE;226;sur;35833
779;SEMI SUITE;227;occidente;35840
780;ESTANDAR;228;norte;35849
781;SUITE;229;oriente;35855
782;ESTANDAR;230;norte;35860
783;SUITE;231;occidente;35863
784;SUITE;232;sur;35867
785;SEMI SUITE;233;sur;35875
786;ESTANDAR;234;occidente;35878
787;ESTANDAR;235;norte;35883
788;SEMI SUITE;236;oriente;35889
789;SEMI SUITE;237;norte;35896
790;ESTANDAR;238;occidente;35913
791;SUITE;239;sur;35914
792;SUITE;240;sur;35924
793;SEMI SUITE;241;occidente;35925
794;SEMI SUITE;242;norte;35927
795;ESTANDAR;243;oriente;35929
796;SUITE;244;norte;35937
797;ESTANDAR;245;occidente;35940
798;SUITE;246;sur;35941
799;SUITE;247;sur;35942
800;SEMI SUITE;248;occidente;35948
801;ESTANDAR;249;norte;35949
802;ESTANDAR;250;oriente;35958
803;SEMI SUITE;251;norte;35964
804;SEMI SUITE;252;occidente;35969
805;ESTANDAR;253;sur;35989
806;SUITE;254;sur;35992
807;SUITE;255;occidente;35996
808;SEMI SUITE;256;norte;35999
809;SEMI SUITE;257;oriente;36000
810;ESTANDAR;258;norte;36001
811;SUITE;259;occidente;36010
812;ESTANDAR;260;sur;36029
813;SUITE;261;sur;36033
814;SUITE;262;occidente;36035
815;SEMI SUITE;263;norte;36037
816;ESTANDAR;264;oriente;36044
817;ESTANDAR;265;norte;36050
818;SEMI SUITE;266;occidente;36051
819;SEMI SUITE;267;sur;36055
820;ESTANDAR;268;sur;36056
821;SUITE;269;occidente;36057
822;SUITE;270;norte;36063
823;SEMI SUITE;271;oriente;36064
824;SEMI SUITE;272;norte;36074
825;ESTANDAR;273;occidente;36083
826;SUITE;274;sur;36087
827;ESTANDAR;275;sur;36098
828;SUITE;276;occidente;36111
829;SUITE;277;norte;36113
830;SEMI SUITE;278;oriente;36114
831;ESTANDAR;279;norte;36121
832;ESTANDAR;280;occidente;36122
833;SEMI SUITE;281;sur;36132
834;SEMI SUITE;282;sur;36139
835;ESTANDAR;283;occidente;36143
836;SUITE;284;norte;36150
837;SUITE;285;oriente;36151
838;SEMI SUITE;286;norte;111
839;SEMI SUITE;287;occidente;121
840;ESTANDAR;288;sur;126
841;SUITE;289;sur;129
842;ESTANDAR;290;occidente;149
843;SUITE;291;norte;151
844;SUITE;292;oriente;152
845;SEMI SUITE;293;norte;35711
846;ESTANDAR;294;occidente;35715
847;ESTANDAR;295;sur;35724
848;SEMI SUITE;296;sur;35726
849;SEMI SUITE;297;occidente;35727
850;ESTANDAR;298;norte;35733
851;SUITE;299;oriente;35736
852;SUITE;300;norte;35737
853;SEMI SUITE;301;occidente;35741
854;SEMI SUITE;302;sur;35744
855;ESTANDAR;303;sur;35753
856;SUITE;304;occidente;35755
857;ESTANDAR;305;norte;35762
858;SUITE;306;oriente;35769
859;SUITE;307;norte;35772
860;SEMI SUITE;308;occidente;35773
861;ESTANDAR;309;sur;35781
862;ESTANDAR;310;sur;35790
863;SEMI SUITE;311;occidente;35792
864;SEMI SUITE;312;norte;35794
865;ESTANDAR;313;oriente;35797
866;SUITE;314;norte;35802
867;SUITE;315;occidente;35803
868;SEMI SUITE;316;sur;35809
869;SEMI SUITE;317;sur;35811
870;ESTANDAR;318;occidente;35813
871;SUITE;319;norte;35817
872;ESTANDAR;320;oriente;35818
873;SUITE;321;norte;35819
874;SUITE;322;occidente;35821
875;SEMI SUITE;323;sur;35822
876;ESTANDAR;324;sur;35831
877;ESTANDAR;325;occidente;35833
878;SEMI SUITE;326;norte;35840
879;SEMI SUITE;327;oriente;35849
880;ESTANDAR;328;norte;35855
881;SUITE;329;occidente;35860
882;SUITE;330;sur;35863
883;SEMI SUITE;331;sur;35867
884;SEMI SUITE;332;occidente;35875
885;ESTANDAR;333;norte;35878
886;SUITE;334;oriente;35883
887;ESTANDAR;335;norte;35889
888;SUITE;336;occidente;35896
889;SUITE;337;sur;35913
890;SEMI SUITE;338;sur;35914
891;ESTANDAR;339;occidente;35924
892;ESTANDAR;340;norte;35925
893;SEMI SUITE;341;oriente;35927
894;SEMI SUITE;342;norte;35929
895;ESTANDAR;343;occidente;35937
896;SUITE;344;sur;35940
897;SUITE;345;sur;35941
898;SEMI SUITE;346;occidente;35942
899;SEMI SUITE;347;norte;35948
900;ESTANDAR;348;oriente;35949
901;SUITE;349;norte;35958
902;ESTANDAR;350;occidente;35964
903;SUITE;351;sur;35969
904;SUITE;352;sur;35989
905;SEMI SUITE;353;occidente;35992
906;ESTANDAR;354;norte;35996
907;ESTANDAR;355;oriente;35999
908;SEMI SUITE;356;norte;36000
909;SEMI SUITE;357;occidente;36001
910;ESTANDAR;358;sur;36010
911;SUITE;359;sur;36029
912;SUITE;360;occidente;36033
913;SEMI SUITE;361;norte;36035
914;SEMI SUITE;362;oriente;36037
915;ESTANDAR;363;norte;36044
916;SUITE;364;occidente;36050
917;ESTANDAR;365;sur;36051
918;SUITE;366;sur;36055
919;SUITE;367;occidente;36056
920;SEMI SUITE;368;norte;36057
921;ESTANDAR;369;oriente;36063
922;ESTANDAR;370;norte;36064
923;SEMI SUITE;371;occidente;36074
924;SEMI SUITE;372;sur;36083
925;ESTANDAR;373;sur;36087
926;SUITE;374;occidente;36098
927;SUITE;375;norte;36111
928;SEMI SUITE;376;oriente;36113
929;SEMI SUITE;377;norte;36114
930;ESTANDAR;378;occidente;36121
931;SUITE;379;sur;36122
932;ESTANDAR;380;sur;36132
933;SUITE;381;occidente;36139
934;SUITE;382;norte;36143
935;SEMI SUITE;383;oriente;36150
936;ESTANDAR;384;norte;36151
937;ESTANDAR;385;occidente;111
938;SEMI SUITE;386;sur;121
939;SEMI SUITE;387;sur;126
940;ESTANDAR;388;occidente;129
941;SUITE;389;norte;149
942;SUITE;390;oriente;151
943;SEMI SUITE;391;norte;152
944;SEMI SUITE;392;occidente;35711
945;ESTANDAR;393;sur;35715
946;SUITE;394;sur;35724
947;ESTANDAR;395;occidente;35726
948;SUITE;396;norte;35727
949;SUITE;397;oriente;35733
950;SEMI SUITE;398;norte;35736
951;ESTANDAR;399;occidente;35737
952;ESTANDAR;400;sur;35741
953;SEMI SUITE;401;sur;35744
954;SEMI SUITE;402;occidente;35753
955;ESTANDAR;403;norte;35755
956;SUITE;404;oriente;35762
957;SUITE;405;norte;35769
958;SEMI SUITE;406;occidente;35772
959;SEMI SUITE;407;sur;35773
960;ESTANDAR;408;sur;35781
961;SUITE;409;occidente;35790
962;ESTANDAR;410;norte;35792
963;SUITE;411;oriente;35794
964;SUITE;412;norte;35797
965;SEMI SUITE;413;occidente;35802
966;ESTANDAR;414;sur;35803
967;ESTANDAR;415;sur;35809
968;SEMI SUITE;416;occidente;35811
969;SEMI SUITE;417;norte;35813
970;ESTANDAR;418;oriente;35817
971;SUITE;419;norte;35818
972;SUITE;420;occidente;35819
973;SEMI SUITE;421;sur;35821
974;SEMI SUITE;422;sur;35822
975;ESTANDAR;423;occidente;35831
976;SUITE;424;norte;35833
977;ESTANDAR;425;oriente;35840
978;SUITE;426;norte;35849
979;SUITE;427;occidente;35855
980;SEMI SUITE;428;sur;35860
981;ESTANDAR;429;sur;35863
982;ESTANDAR;430;occidente;35867
983;SEMI SUITE;431;norte;35875
984;SEMI SUITE;432;oriente;35878
985;ESTANDAR;433;norte;35883
986;SUITE;434;occidente;35889
987;SUITE;435;sur;35896
988;SEMI SUITE;436;sur;35913
989;SEMI SUITE;437;occidente;35914
990;ESTANDAR;438;norte;35924
991;SUITE;439;oriente;35925
992;ESTANDAR;440;norte;35927
993;SUITE;441;occidente;35929
994;SUITE;442;sur;35937
995;SEMI SUITE;443;sur;35940
996;ESTANDAR;444;occidente;35941
997;ESTANDAR;445;norte;35942
998;SEMI SUITE;446;oriente;35948
999;SEMI SUITE;447;norte;35949
1000;ESTANDAR;448;occidente;35958
1001;SUITE;449;sur;35964
1002;SUITE;450;sur;35969
1003;SEMI SUITE;451;occidente;35989
1004;SEMI SUITE;452;norte;35992
1005;ESTANDAR;453;oriente;35996
1006;SUITE;454;norte;35999
1007;ESTANDAR;455;occidente;36000
1008;SUITE;456;sur;36001
1009;SUITE;457;sur;36010
1010;SEMI SUITE;458;occidente;36029
1011;ESTANDAR;459;norte;36033
1012;ESTANDAR;460;oriente;36035
1013;SEMI SUITE;461;norte;36037
1014;SEMI SUITE;462;occidente;36044
1015;ESTANDAR;463;sur;36050
1016;SUITE;464;sur;36051
1017;SUITE;465;occidente;36055
1018;SEMI SUITE;466;norte;36056
1019;SEMI SUITE;467;oriente;36057
1020;ESTANDAR;468;norte;36063
1021;SUITE;469;occidente;36064
1022;ESTANDAR;470;sur;36074
1023;SUITE;471;sur;36083
1024;SUITE;472;occidente;36087
1025;SEMI SUITE;473;norte;36098
1026;ESTANDAR;474;oriente;36111
1027;ESTANDAR;475;norte;36113
1028;SEMI SUITE;476;occidente;36114
1029;SEMI SUITE;477;sur;36121
1030;ESTANDAR;478;sur;36122
1031;SUITE;479;occidente;36132
1032;SUITE;480;norte;36139
1033;SEMI SUITE;481;oriente;36143
1034;SEMI SUITE;482;norte;36150
1035;ESTANDAR;483;occidente;36151
1036;SUITE;484;sur;111
1037;ESTANDAR;485;sur;121
1038;SUITE;486;occidente;126
1039;SUITE;487;norte;129
1040;SEMI SUITE;488;oriente;149
1041;ESTANDAR;489;norte;151
1042;ESTANDAR;490;occidente;152
1043;SEMI SUITE;491;sur;35711
1044;SEMI SUITE;492;sur;35715
1045;ESTANDAR;493;occidente;35724
1046;SUITE;494;norte;35726
1047;SUITE;495;oriente;35727
1048;SEMI SUITE;496;norte;35733
1049;SEMI SUITE;497;occidente;35736
1050;ESTANDAR;498;sur;35737
1051;SUITE;499;sur;35741
1052;ESTANDAR;500;occidente;35744
1053;SUITE;501;norte;35753
1054;SUITE;502;oriente;35755
1055;SEMI SUITE;503;norte;35762
1056;ESTANDAR;504;occidente;35769
1057;ESTANDAR;505;sur;35772
1058;SEMI SUITE;506;sur;35773
1059;SEMI SUITE;507;occidente;35781
1060;ESTANDAR;508;norte;35790
1061;SUITE;509;oriente;35792
1062;SUITE;510;norte;35794
1063;SEMI SUITE;511;occidente;35797
1064;SEMI SUITE;512;sur;35802
1065;ESTANDAR;513;sur;35803
1060;SUITE;514;occidente;35809
1061;ESTANDAR;515;norte;35811
1062;SUITE;516;oriente;35813
1063;SUITE;517;norte;35817
1064;SEMI SUITE;518;occidente;35818
1065;ESTANDAR;519;sur;35819
1066;ESTANDAR;520;sur;35821
1067;SEMI SUITE;521;occidente;35822
1068;SEMI SUITE;522;norte;35831
1069;ESTANDAR;523;oriente;35833
1070;SUITE;524;norte;35840
1071;SUITE;525;occidente;35849
1072;SEMI SUITE;526;sur;35855
1073;SEMI SUITE;527;sur;35860
1074;ESTANDAR;528;occidente;35863
1075;SUITE;529;norte;35867
1076;ESTANDAR;530;oriente;35875
1077;SUITE;531;norte;35878
1078;SUITE;532;occidente;35883
1079;SEMI SUITE;533;sur;35889
1080;ESTANDAR;534;sur;35896
1081;ESTANDAR;535;occidente;35913
1082;SEMI SUITE;536;norte;35914
1083;SEMI SUITE;537;oriente;35924
1084;ESTANDAR;538;norte;35925
1085;SUITE;539;occidente;35927
1086;SUITE;540;sur;35929
1087;SEMI SUITE;541;sur;35937
1088;SEMI SUITE;542;occidente;35940
1089;ESTANDAR;543;norte;35941
1090;SUITE;544;oriente;35942
1091;ESTANDAR;545;norte;35948
1092;SUITE;546;occidente;35949
1093;SUITE;547;sur;35958
1094;SEMI SUITE;548;sur;35964
1095;ESTANDAR;549;occidente;35969
1096;ESTANDAR;550;norte;35989
1097;SEMI SUITE;551;oriente;35992
1098;SEMI SUITE;552;norte;35996
1099;ESTANDAR;553;occidente;35999
1100;SUITE;554;sur;36000
1101;SUITE;555;sur;36001
1102;SEMI SUITE;556;occidente;36010
1103;SEMI SUITE;557;norte;36029
1104;ESTANDAR;558;oriente;36033
1105;SUITE;559;norte;36035
1106;ESTANDAR;560;occidente;36037
1107;SUITE;561;sur;36044
1108;SUITE;562;sur;36050
1109;SEMI SUITE;563;occidente;36051
1110;ESTANDAR;564;norte;36055
1111;ESTANDAR;565;oriente;36056
1112;SEMI SUITE;566;norte;36057
1113;SEMI SUITE;567;occidente;36063
1114;ESTANDAR;568;sur;36064
1115;SUITE;569;sur;36074
1116;SUITE;570;occidente;36083
1117;SEMI SUITE;571;sur;36087
1118;SEMI SUITE;572;occidente;36098
1119;ESTANDAR;573;norte;36111
1120;SUITE;574;oriente;36113
1121;SUITE;575;norte;36114
1122;SEMI SUITE;576;occidente;36121
1123;SEMI SUITE;577;sur;36122
1124;ESTANDAR;578;sur;36132
1125;SUITE;579;occidente;36139
1126;ESTANDAR;580;norte;36143
1127;SUITE;581;oriente;36150
1128;SUITE;582;norte;36151
1129;SEMI SUITE;583;occidente;111
1130;ESTANDAR;584;sur;121
1131;ESTANDAR;585;sur;126
1132;SEMI SUITE;586;occidente;129
1133;SEMI SUITE;587;norte;149
1134;ESTANDAR;588;oriente;151
1135;SUITE;589;norte;152
1136;SUITE;590;occidente;35711
1137;SEMI SUITE;591;sur;35715
1138;SEMI SUITE;592;sur;35724
1139;ESTANDAR;593;occidente;35726
1140;SUITE;594;norte;35727
1141;ESTANDAR;595;oriente;35733
1142;SUITE;596;norte;35736
1143;SUITE;597;occidente;35737
1144;SEMI SUITE;598;sur;35741
1145;ESTANDAR;599;sur;35744
1146;ESTANDAR;600;occidente;35753
1147;SEMI SUITE;601;norte;35755
1148;SEMI SUITE;602;oriente;35762
1149;ESTANDAR;603;norte;35769
1150;SUITE;604;occidente;35772
1151;SUITE;605;sur;35773
1152;SEMI SUITE;606;sur;35781
1153;SEMI SUITE;607;occidente;35790
1154;ESTANDAR;608;norte;35792
1155;SUITE;609;oriente;35794
1156;ESTANDAR;610;norte;35797
1157;SUITE;611;occidente;35802
1158;SUITE;612;sur;35803
1159;SEMI SUITE;613;sur;35809
1160;ESTANDAR;614;occidente;35811
1161;ESTANDAR;615;norte;35813
1162;SEMI SUITE;616;oriente;35817
1163;SEMI SUITE;617;norte;35818
1164;ESTANDAR;618;occidente;35819
1165;SUITE;619;sur;35821
1166;SUITE;620;sur;35822
1167;SEMI SUITE;621;occidente;35831
1168;SEMI SUITE;622;norte;35833
1169;ESTANDAR;623;oriente;35840
1170;SUITE;624;norte;35849
1171;ESTANDAR;625;occidente;35855
1172;SUITE;626;sur;35860
1173;SUITE;627;sur;35863
1174;SEMI SUITE;628;occidente;35867
1175;ESTANDAR;629;norte;35875
1176;ESTANDAR;630;oriente;35878
1177;SEMI SUITE;631;norte;35883
1178;SEMI SUITE;632;occidente;35889
1179;ESTANDAR;633;sur;35896
1180;SUITE;634;sur;35913
1181;SUITE;635;occidente;35914
1182;SEMI SUITE;636;norte;35924
1183;SEMI SUITE;637;oriente;35925
1184;ESTANDAR;638;norte;35927
1185;SUITE;639;occidente;35929
1186;ESTANDAR;640;sur;35937
1187;SUITE;641;sur;35940
1188;SUITE;642;occidente;35941
1189;SEMI SUITE;643;norte;35942
1190;ESTANDAR;644;oriente;35948
1191;ESTANDAR;645;norte;35949
1192;SEMI SUITE;646;occidente;35958
1193;SEMI SUITE;647;sur;35964
1194;ESTANDAR;648;sur;35969
1195;SUITE;649;occidente;35989
1196;SUITE;650;norte;35992
1197;SEMI SUITE;651;oriente;35996
1198;SEMI SUITE;652;norte;35999
1199;ESTANDAR;653;occidente;36000
1200;SUITE;654;sur;36001
1201;SUITE;655;sur;36010
1202;SEMI SUITE;656;occidente;36029
1203;SEMI SUITE;657;norte;36033
1204;ESTANDAR;658;oriente;36035
1205;SUITE;659;norte;36037
1206;ESTANDAR;660;occidente;36044
1207;SUITE;661;sur;36050
1208;SUITE;662;sur;36051
1209;SEMI SUITE;663;occidente;36055
1210;ESTANDAR;664;norte;36056
1211;ESTANDAR;665;oriente;36057
1212;SEMI SUITE;666;norte;36063
1213;SEMI SUITE;667;occidente;36064
1214;ESTANDAR;668;sur;36074
1215;SUITE;669;sur;36083
1216;SUITE;670;occidente;36087
1217;SEMI SUITE;671;norte;36098
1218;SEMI SUITE;672;oriente;36111
1219;ESTANDAR;673;norte;36113
1220;SUITE;674;occidente;36114
1221;ESTANDAR;675;sur;36121
1222;SUITE;676;sur;36122
1223;SUITE;677;occidente;36132
1224;SEMI SUITE;678;norte;36139
1225;ESTANDAR;679;oriente;36143
1226;ESTANDAR;680;norte;36150
1227;SEMI SUITE;681;occidente;36151
1228;SEMI SUITE;682;sur;111
1229;ESTANDAR;683;sur;121
1230;SUITE;684;occidente;126
1231;SUITE;685;norte;129
1232;SEMI SUITE;686;oriente;149
1233;SEMI SUITE;687;norte;151
1234;ESTANDAR;688;occidente;152
1235;SUITE;689;sur;35711
1236;ESTANDAR;690;sur;35715
1237;SUITE;691;occidente;35724
1238;SUITE;692;norte;35726
1239;SEMI SUITE;693;oriente;35727
1240;ESTANDAR;694;norte;35733
1241;ESTANDAR;695;occidente;35736
1242;SEMI SUITE;696;sur;35737
1243;SEMI SUITE;697;sur;35741
1244;ESTANDAR;698;occidente;35744
1245;SUITE;699;norte;35753
1246;SUITE;700;oriente;35755
1247;SEMI SUITE;701;norte;35762
1248;SEMI SUITE;702;occidente;35769
1249;ESTANDAR;703;sur;35772
1250;SUITE;704;sur;35773
1251;ESTANDAR;705;occidente;35781
1252;SUITE;706;norte;35790
1253;SUITE;707;oriente;35792
1254;SEMI SUITE;708;norte;35794
1255;ESTANDAR;709;occidente;35797
1256;ESTANDAR;710;sur;35802
1257;SEMI SUITE;711;sur;35803
1258;SEMI SUITE;712;occidente;35809
1259;ESTANDAR;713;norte;35811
1260;SUITE;714;oriente;35813
1261;SUITE;715;norte;35817
1262;SEMI SUITE;716;occidente;35818
1263;SEMI SUITE;717;sur;35819
1264;ESTANDAR;718;sur;35821
1265;SUITE;719;occidente;35822
1266;ESTANDAR;720;norte;35831
1267;SUITE;721;oriente;35833
1268;SUITE;722;norte;35840
1269;SEMI SUITE;723;occidente;35849
1270;ESTANDAR;724;sur;35855
1271;ESTANDAR;725;sur;35860
1272;SEMI SUITE;726;occidente;35863
1273;SEMI SUITE;727;norte;35867
1274;ESTANDAR;728;oriente;35875
1275;SUITE;729;norte;35878
1276;SUITE;730;occidente;35883
1277;SEMI SUITE;731;sur;35889
1278;SEMI SUITE;732;sur;35896
1279;ESTANDAR;733;occidente;35913
1280;SUITE;734;norte;35914
1281;SUITE;735;oriente;35924
1282;SEMI SUITE;736;norte;35925
1283;SEMI SUITE;737;occidente;35927
1284;ESTANDAR;738;sur;35929
1285;SUITE;739;sur;35937
1286;ESTANDAR;740;occidente;35940
1287;SUITE;741;norte;35941
1288;SUITE;742;oriente;35942
1289;SEMI SUITE;743;norte;35948
1290;ESTANDAR;744;occidente;35949
1291;ESTANDAR;745;sur;35958
1292;SEMI SUITE;746;sur;35964
1293;SEMI SUITE;747;occidente;35969
1294;ESTANDAR;748;norte;35989
1295;SUITE;749;oriente;35992
1296;SUITE;750;norte;35996
1297;SEMI SUITE;751;occidente;35999
1298;SEMI SUITE;752;sur;36000
1299;ESTANDAR;753;sur;36001
1300;SUITE;754;occidente;36010
1301;ESTANDAR;755;norte;36029
1302;SUITE;756;oriente;36033
1303;SUITE;757;norte;36035
1304;SEMI SUITE;758;occidente;36037
1305;ESTANDAR;759;sur;36044
1306;ESTANDAR;760;sur;36050
1307;SEMI SUITE;761;occidente;36051
1308;SEMI SUITE;762;norte;36055
1309;ESTANDAR;763;oriente;36056
1310;SUITE;764;norte;36057
1311;SUITE;765;occidente;36063
1312;SEMI SUITE;766;sur;36064
1313;SEMI SUITE;767;sur;36074
1314;ESTANDAR;768;occidente;36083
1315;SUITE;769;norte;36087
1316;ESTANDAR;770;oriente;36098
1317;SUITE;771;norte;36111
1318;SUITE;772;occidente;36113
1319;SEMI SUITE;773;sur;36114
1320;ESTANDAR;774;sur;36121
1321;ESTANDAR;775;occidente;36122
1322;SEMI SUITE;776;norte;36132
1323;SEMI SUITE;777;oriente;36139
1324;ESTANDAR;778;norte;36143
1325;SUITE;779;occidente;36150
1326;SUITE;780;sur;36151
1327;SEMI SUITE;781;sur;111
1328;SEMI SUITE;782;occidente;121
1329;ESTANDAR;783;norte;126
1330;SUITE;784;oriente;129
1331;ESTANDAR;785;norte;149
1332;SUITE;786;occidente;151
1333;SUITE;787;sur;152
1334;SEMI SUITE;788;sur;35711
1335;ESTANDAR;789;occidente;35715
1336;ESTANDAR;790;norte;35724
1337;SEMI SUITE;791;oriente;35726
1338;SEMI SUITE;792;norte;35727
1339;ESTANDAR;793;occidente;35733
1340;SUITE;794;sur;35736
1341;SUITE;795;sur;35737
1342;SEMI SUITE;796;occidente;35741
1343;SEMI SUITE;797;norte;35744
1344;ESTANDAR;798;oriente;35753
1345;SUITE;799;norte;35755
1346;ESTANDAR;800;occidente;35762
1347;SUITE;801;sur;35769
1348;SUITE;802;sur;35772
1349;SEMI SUITE;803;occidente;35773
1350;ESTANDAR;804;norte;35781
1351;ESTANDAR;805;oriente;35790
1352;SEMI SUITE;806;norte;35792
1353;SEMI SUITE;807;occidente;35794
1354;ESTANDAR;808;sur;35797
1355;SUITE;809;sur;35802
1356;SUITE;810;occidente;35803
1357;SEMI SUITE;811;sur;35809
1358;SEMI SUITE;812;occidente;35811
1359;ESTANDAR;813;norte;35813
1360;SUITE;814;oriente;35817
1361;SUITE;815;norte;35818
1362;SEMI SUITE;816;occidente;35819
1363;SEMI SUITE;817;sur;35821
1364;ESTANDAR;818;sur;35822
1365;SUITE;819;occidente;35831
1366;ESTANDAR;820;norte;35833
1367;SUITE;821;oriente;35840
1368;SUITE;822;norte;35849
1369;SEMI SUITE;823;occidente;35855
1370;ESTANDAR;824;sur;35860
1371;ESTANDAR;825;sur;35863
1372;SEMI SUITE;826;occidente;35867
1373;SEMI SUITE;827;norte;35875
1374;ESTANDAR;828;oriente;35878
1375;SUITE;829;norte;35883
1376;SUITE;830;occidente;35889
1377;SEMI SUITE;831;sur;35896
1378;SEMI SUITE;832;sur;35913
1379;ESTANDAR;833;occidente;35914
1380;SUITE;834;norte;35924
1381;ESTANDAR;835;oriente;35925
1382;SUITE;836;norte;35927
1383;SUITE;837;occidente;35929
1384;SEMI SUITE;838;sur;35937
1385;ESTANDAR;839;sur;35940
1386;ESTANDAR;840;occidente;35941
1387;SEMI SUITE;841;norte;35942
1388;SEMI SUITE;842;oriente;35948
1389;ESTANDAR;843;norte;35949
1390;SUITE;844;occidente;35958
1391;SUITE;845;sur;35964
1392;SEMI SUITE;846;sur;35969
1393;SEMI SUITE;847;occidente;35989
1394;ESTANDAR;848;norte;35992
1395;SUITE;849;oriente;35996
1396;ESTANDAR;850;norte;35999
1397;SUITE;851;occidente;36000
1398;SUITE;852;sur;36001
1399;SEMI SUITE;853;sur;36010
1400;ESTANDAR;854;occidente;36029
1401;ESTANDAR;855;norte;36033
1402;SEMI SUITE;856;oriente;36035
1403;SEMI SUITE;857;norte;36037
1404;ESTANDAR;858;occidente;36044
1405;SUITE;859;sur;36050
1406;SUITE;860;sur;36051
1407;SEMI SUITE;861;occidente;36055
1408;SEMI SUITE;862;norte;36056
1409;ESTANDAR;863;oriente;36057
1410;SUITE;864;norte;36063
1411;ESTANDAR;865;occidente;36064
1412;SUITE;866;sur;36074
1413;SUITE;867;sur;36083
1414;SEMI SUITE;868;occidente;36087
1415;ESTANDAR;869;norte;36098
1416;ESTANDAR;870;oriente;36111
1417;SEMI SUITE;871;norte;36113
1418;SEMI SUITE;872;occidente;36114
1419;ESTANDAR;873;sur;36121
1420;SUITE;874;sur;36122
1421;SUITE;875;occidente;36132
1422;SEMI SUITE;876;norte;36139
1423;SEMI SUITE;877;oriente;36143
1424;ESTANDAR;878;norte;36150
1425;SUITE;879;occidente;36151
1426;ESTANDAR;880;sur;111
1427;SUITE;881;sur;121
1428;SUITE;882;occidente;126
1429;SEMI SUITE;883;norte;129
1430;ESTANDAR;884;oriente;149
1431;ESTANDAR;885;norte;151
1432;SEMI SUITE;886;occidente;152
1433;SEMI SUITE;887;sur;35711
1434;ESTANDAR;888;sur;35715
1435;SUITE;889;occidente;35724
1436;SUITE;890;norte;35726
1437;SEMI SUITE;891;oriente;35727
1438;SEMI SUITE;892;norte;35733
1439;ESTANDAR;893;occidente;35736
1440;SUITE;894;sur;35737
1441;SUITE;895;sur;35741
1442;SEMI SUITE;896;occidente;35744
1443;SEMI SUITE;897;norte;35753
1444;ESTANDAR;898;oriente;35755
1445;SUITE;899;norte;35762
1446;ESTANDAR;900;occidente;35769
1447;SUITE;901;sur;35772
1448;SUITE;902;sur;35773
1449;SEMI SUITE;903;occidente;35781
1450;ESTANDAR;904;norte;35790
1451;ESTANDAR;905;oriente;35792
1452;SEMI SUITE;906;norte;35794
1453;SEMI SUITE;907;occidente;35797
1454;ESTANDAR;908;sur;35802
1455;SUITE;909;sur;35803
1456;SUITE;910;occidente;35809
1457;SEMI SUITE;911;norte;35811
1458;SEMI SUITE;912;oriente;35813
1459;ESTANDAR;913;norte;35817
1460;SUITE;914;occidente;35818
1461;ESTANDAR;915;sur;35819
1462;SUITE;916;sur;35821
1463;SUITE;917;occidente;35822
1464;SEMI SUITE;918;norte;35831
1465;ESTANDAR;919;oriente;35833
1466;ESTANDAR;920;norte;35840
1467;SEMI SUITE;921;occidente;35849
1468;SEMI SUITE;922;sur;35855
1469;ESTANDAR;923;sur;35860
1470;SUITE;924;occidente;35863
1471;SUITE;925;norte;35867
1472;SEMI SUITE;926;oriente;35875
1473;SEMI SUITE;927;norte;35878
1474;ESTANDAR;928;occidente;35883
1475;SUITE;929;sur;35889
1476;ESTANDAR;930;sur;35896
1477;SUITE;931;occidente;35913
1478;SUITE;932;norte;35914
1479;SEMI SUITE;933;oriente;35924
1480;ESTANDAR;934;norte;35925
1481;ESTANDAR;935;occidente;35927
1482;SEMI SUITE;936;sur;35929
1483;SEMI SUITE;937;sur;35937
1484;ESTANDAR;938;occidente;35940
1485;SUITE;939;norte;35941
1486;SUITE;940;oriente;35942
1487;SEMI SUITE;941;norte;35948
1488;SEMI SUITE;942;occidente;35949
1489;ESTANDAR;943;sur;35958
1490;SUITE;944;sur;35964
1491;ESTANDAR;945;norte;35969
1492;SUITE;946;oriente;35989
1493;SUITE;947;norte;35992
1494;SEMI SUITE;948;occidente;35996
1495;SEMI SUITE;949;sur;35999
1496;ESTANDAR;950;sur;36000
1497;SUITE;951;occidente;36001
1498;ESTANDAR;952;norte;36010
1499;SUITE;953;oriente;36029
1500;SUITE;954;norte;36033
1501;SEMI SUITE;955;occidente;36035
1502;ESTANDAR;956;sur;36037
1503;ESTANDAR;957;sur;36044
1504;SEMI SUITE;958;occidente;36050
1505;SEMI SUITE;959;norte;36051
1506;ESTANDAR;960;oriente;36055
1507;SUITE;961;norte;36056
1508;SUITE;962;occidente;36057
1509;SEMI SUITE;963;sur;36063
1510;SEMI SUITE;964;sur;36064
1511;ESTANDAR;965;occidente;36074
1512;SUITE;966;norte;36083
1513;ESTANDAR;967;oriente;36087
1514;SUITE;968;norte;36098
1515;SUITE;969;occidente;36111
1516;SEMI SUITE;970;sur;36113
1517;ESTANDAR;971;sur;36114
1518;ESTANDAR;972;occidente;36121
1519;SEMI SUITE;973;norte;36122
1520;SEMI SUITE;974;oriente;36132
1521;ESTANDAR;975;norte;36139
1522;SUITE;976;occidente;36143
1523;SUITE;977;sur;36150
1524;SEMI SUITE;978;sur;36151
1525;SEMI SUITE;979;occidente;111
1526;ESTANDAR;980;norte;121
1527;SUITE;981;oriente;126
1528;ESTANDAR;982;norte;129
1529;SUITE;983;occidente;149
1530;SUITE;984;sur;151
1531;SEMI SUITE;985;sur;152
1532;ESTANDAR;986;occidente;35711
1533;ESTANDAR;987;norte;35715
1534;SEMI SUITE;988;oriente;35724
1535;SEMI SUITE;989;norte;35726
1536;ESTANDAR;990;occidente;35727
1537;SUITE;991;sur;35733
1538;SUITE;992;sur;35736
1539;SEMI SUITE;993;occidente;35737
1540;SEMI SUITE;994;norte;35741
1541;ESTANDAR;995;oriente;35744
1542;SUITE;996;norte;35753
1543;ESTANDAR;997;occidente;35755
1544;SUITE;998;sur;35762
1545;SUITE;999;sur;35769
1546;SEMI SUITE;1000;occidente;35772
1547;ESTANDAR;1001;norte;35773
1548;ESTANDAR;1002;oriente;35781
1549;SEMI SUITE;1003;norte;35790
1550;SEMI SUITE;1004;occidente;35792
1551;ESTANDAR;1005;sur;35794
1552;SUITE;1006;sur;35797
1553;SUITE;1007;occidente;35802
1554;SEMI SUITE;1008;norte;35803
1555;SEMI SUITE;1009;oriente;35809
1556;ESTANDAR;1010;norte;35811
1557;SUITE;1011;occidente;35813
1558;ESTANDAR;1012;sur;35817
1559;SUITE;1013;sur;35818
1560;SUITE;1014;occidente;35819
1561;SEMI SUITE;1015;norte;35821
1562;ESTANDAR;1016;oriente;35822
1563;ESTANDAR;1017;norte;35831
1564;SEMI SUITE;1018;occidente;35833
1565;SEMI SUITE;1019;sur;35840
1566;ESTANDAR;1020;sur;35849
1567;SUITE;1021;occidente;35855
1568;SUITE;1022;norte;35860
1569;SEMI SUITE;1023;oriente;35863
1570;SEMI SUITE;1024;norte;35867
1571;ESTANDAR;1025;occidente;35875
1572;SUITE;1026;sur;35878
1573;ESTANDAR;1027;sur;35883
1574;SUITE;1028;occidente;35889
1575;SUITE;1029;norte;35896
1576;SEMI SUITE;1030;oriente;35913
1577;ESTANDAR;1031;norte;35914
1578;ESTANDAR;1032;occidente;35924
1579;SEMI SUITE;1033;sur;35925
1580;SEMI SUITE;1034;sur;35927
1581;ESTANDAR;1035;occidente;35929
1582;SUITE;1036;norte;35937
1583;SUITE;1037;oriente;35940
1584;SEMI SUITE;1038;norte;35941
1585;SEMI SUITE;1039;occidente;35942
1586;ESTANDAR;1040;sur;35948
1587;SUITE;1041;sur;35949
1588;ESTANDAR;1042;occidente;35958
1589;SUITE;1043;norte;35964
1590;SUITE;1044;oriente;35969
1591;SEMI SUITE;1045;norte;35989
1592;ESTANDAR;1046;occidente;35992
1593;ESTANDAR;1047;sur;35996
1594;SEMI SUITE;1048;sur;35999
1595;SEMI SUITE;1049;occidente;36000
1596;ESTANDAR;1050;norte;36001
1597;SUITE;1051;oriente;36010
1598;SUITE;1052;norte;36029
1599;SEMI SUITE;1053;occidente;36033
1600;SEMI SUITE;1054;sur;36035
1601;ESTANDAR;1055;sur;36037
1602;SUITE;1056;occidente;36044
1603;ESTANDAR;1057;norte;36050
1604;SUITE;1058;oriente;36051
1605;SUITE;1059;norte;36055
1606;SEMI SUITE;1060;occidente;36056
1607;ESTANDAR;1061;sur;36057
1608;ESTANDAR;1062;sur;36063
1609;SEMI SUITE;1063;occidente;36064
1610;SEMI SUITE;1064;norte;36074
1611;ESTANDAR;1065;oriente;36083
1612;SUITE;1066;norte;36087
1613;SUITE;1067;occidente;36098
1614;SEMI SUITE;1068;sur;36111
1615;SEMI SUITE;1069;sur;36113
1616;ESTANDAR;1070;occidente;36114
1617;SUITE;1071;norte;36121
1618;ESTANDAR;1072;oriente;36122
1619;SUITE;1073;norte;36132
1620;SUITE;1074;occidente;36139
1621;SEMI SUITE;1075;sur;36143
1622;ESTANDAR;1076;sur;36150
1623;ESTANDAR;1077;occidente;36151
1624;SEMI SUITE;1078;norte;111
1625;SEMI SUITE;1079;oriente;121
1626;ESTANDAR;1080;norte;126
1627;SUITE;1081;occidente;129
1628;SUITE;1082;sur;149
1629;SEMI SUITE;1083;sur;151
1630;SEMI SUITE;1084;occidente;152
1631;ESTANDAR;1085;norte;35711
1632;SUITE;1086;oriente;35715
1633;ESTANDAR;1087;norte;35724
1634;SUITE;1088;occidente;35726
1635;SUITE;1089;sur;35727
1636;SEMI SUITE;1090;sur;35733
1637;ESTANDAR;1091;occidente;35736
1638;ESTANDAR;1092;norte;35737
1639;SEMI SUITE;1093;oriente;35741
1640;SEMI SUITE;1094;norte;35744
1641;ESTANDAR;1095;occidente;35753
1642;SUITE;1096;sur;35755
1643;SUITE;1097;sur;35762
1644;SEMI SUITE;1098;occidente;35769
1645;SEMI SUITE;1099;norte;35772
1646;ESTANDAR;1100;oriente;35773
1647;SUITE;1101;norte;35781
1648;ESTANDAR;1102;occidente;35790
1649;SUITE;1103;sur;35792
1650;SUITE;1104;sur;35794
1651;SEMI SUITE;1105;occidente;35797
1652;ESTANDAR;1106;norte;35802
1653;ESTANDAR;1107;oriente;35803
1654;SEMI SUITE;1108;norte;35809
1655;SEMI SUITE;1109;occidente;35811
1656;ESTANDAR;1110;sur;35813
1657;SUITE;1111;sur;35817
1658;SUITE;1112;occidente;35818
1659;SEMI SUITE;1113;norte;35819
1660;SEMI SUITE;1114;oriente;35821
1661;ESTANDAR;1115;norte;35822
1662;SUITE;1116;occidente;35831
1663;ESTANDAR;1117;sur;35833
1664;SUITE;1118;sur;35840
1665;SUITE;1119;occidente;35849
1666;SEMI SUITE;1120;norte;35855
1667;ESTANDAR;1121;oriente;35860
1668;ESTANDAR;1122;norte;35863
1669;SEMI SUITE;1123;occidente;35867
1670;SEMI SUITE;1124;sur;35875
1671;ESTANDAR;1125;sur;35878
1672;SUITE;1126;occidente;35883
1673;SUITE;1127;norte;35889
1674;SEMI SUITE;1128;oriente;35896
1675;SEMI SUITE;1129;norte;35913
1676;ESTANDAR;1130;occidente;35914
1677;SUITE;1131;sur;35924
1678;ESTANDAR;1132;sur;35925
1679;SUITE;1133;occidente;35927
1680;SUITE;1134;norte;35929
1681;SEMI SUITE;1135;oriente;35937
1682;ESTANDAR;1136;norte;35940
1683;ESTANDAR;1137;occidente;35941
1684;SEMI SUITE;1138;sur;35942
1685;SEMI SUITE;1139;sur;35948
1686;ESTANDAR;1140;occidente;35949
1687;SUITE;1141;norte;35958
1688;SUITE;1142;oriente;35964
1689;SEMI SUITE;1143;norte;35969
1690;SEMI SUITE;1144;occidente;35989
1691;ESTANDAR;1145;sur;35992
1692;SUITE;1146;sur;35996
1693;ESTANDAR;1147;occidente;35999
1694;SUITE;1148;norte;36000
1695;SUITE;1149;oriente;36001
1696;SEMI SUITE;1150;norte;36010
1697;ESTANDAR;1151;occidente;36029
1698;ESTANDAR;1152;sur;36033
1699;SEMI SUITE;1153;sur;36035
1700;SEMI SUITE;1154;occidente;36037
1701;ESTANDAR;1155;norte;36044
1702;SUITE;1156;oriente;36050
1703;SUITE;1157;norte;36051
1704;SEMI SUITE;1158;occidente;36055
1705;SEMI SUITE;1159;sur;36056
1706;ESTANDAR;1160;sur;36057
1707;SUITE;1161;occidente;36063
1708;ESTANDAR;1162;norte;36064
1709;SUITE;1163;oriente;36074
1710;SUITE;1164;norte;36083
1711;SEMI SUITE;1165;occidente;36087
1712;ESTANDAR;1166;sur;36098
1713;ESTANDAR;1167;sur;36111
1714;SEMI SUITE;1168;occidente;36113
1715;SEMI SUITE;1169;norte;36114
1716;ESTANDAR;1170;oriente;36121
1717;SUITE;1171;norte;36122
1718;SUITE;1172;occidente;36132
1719;SEMI SUITE;1173;sur;36139
1720;SEMI SUITE;1174;sur;36143
1721;ESTANDAR;1175;occidente;36150
1722;SUITE;1176;norte;36151
1723;ESTANDAR;1177;oriente;111
1724;SUITE;1178;norte;121
1725;SUITE;1179;occidente;126
1726;SEMI SUITE;1180;sur;129
1727;ESTANDAR;1181;sur;149
1728;ESTANDAR;1182;occidente;151
1729;SEMI SUITE;1183;norte;152
1730;SEMI SUITE;1184;oriente;35711
1731;ESTANDAR;1185;norte;35715
1732;SUITE;1186;occidente;35724
1733;SUITE;1187;sur;35726
1734;SEMI SUITE;1188;sur;35727
1735;SEMI SUITE;1189;occidente;35733
1736;ESTANDAR;1190;norte;35736
1737;SUITE;1191;oriente;35737
1738;ESTANDAR;1192;norte;35741
1739;SUITE;1193;occidente;35744
1740;SUITE;1194;sur;35753
1741;SEMI SUITE;1195;sur;35755
1742;ESTANDAR;1196;occidente;35762
1743;ESTANDAR;1197;norte;35769
1744;SEMI SUITE;1198;oriente;35772
1745;SEMI SUITE;1199;norte;35773
1746;ESTANDAR;1200;occidente;35781
1747;SUITE;1201;sur;35790
1748;SUITE;1202;sur;35792
1749;SEMI SUITE;1203;occidente;35794
1750;SEMI SUITE;1204;norte;35797
1751;ESTANDAR;1205;oriente;35802
1752;SUITE;1206;norte;35803
1753;ESTANDAR;1207;occidente;35809
1754;SUITE;1208;sur;35811
1755;SUITE;1209;sur;35813
1756;SEMI SUITE;1210;occidente;35817
1757;ESTANDAR;1211;norte;35818
1758;ESTANDAR;1212;oriente;35819
1759;SEMI SUITE;1213;norte;35821
1760;SEMI SUITE;1214;occidente;35822
1761;ESTANDAR;1215;sur;35831
1762;SUITE;1216;sur;35833
1763;SUITE;1217;occidente;35840
1764;SEMI SUITE;1218;norte;35849
1765;SEMI SUITE;1219;oriente;35855
1766;ESTANDAR;1220;norte;35860
1767;SUITE;1221;occidente;35863
1768;ESTANDAR;1222;sur;35867
1769;SUITE;1223;sur;35875
1770;SUITE;1224;occidente;35878
1771;SEMI SUITE;1225;norte;35883
1772;ESTANDAR;1226;oriente;35889
1773;ESTANDAR;1227;norte;35896
1774;SEMI SUITE;1228;occidente;35913
1775;SEMI SUITE;1229;sur;35914
1776;ESTANDAR;1230;sur;35924
1777;SUITE;1231;occidente;35925
1778;SUITE;1232;norte;35927
1779;SEMI SUITE;1233;oriente;35929
1780;SEMI SUITE;1234;norte;35937
1781;ESTANDAR;1235;occidente;35940
1782;SUITE;1236;sur;35941
1783;ESTANDAR;1237;sur;35942
1784;SUITE;1238;occidente;35948
1785;SUITE;1239;norte;35949
1786;SEMI SUITE;1240;oriente;35958
1787;ESTANDAR;1241;norte;35964
1788;ESTANDAR;1242;occidente;35969
1789;SEMI SUITE;1243;sur;35989
1790;SEMI SUITE;1244;sur;35992
1791;ESTANDAR;1245;occidente;35996
1792;SUITE;1246;norte;35999
1793;SUITE;1247;oriente;36000
1794;SEMI SUITE;1248;norte;36001
1795;SEMI SUITE;1249;occidente;36010
1796;ESTANDAR;1250;sur;36029
1797;SUITE;1251;sur;36033
1798;ESTANDAR;1252;occidente;36035
1799;SUITE;1253;norte;36037
1800;SUITE;1254;oriente;36044
1801;SEMI SUITE;1255;norte;36050
1802;ESTANDAR;1256;occidente;36051
1803;ESTANDAR;1257;sur;36055
1804;SEMI SUITE;1258;sur;36056
1805;SEMI SUITE;1259;occidente;36057
1806;ESTANDAR;1260;norte;36063
1807;SUITE;1261;oriente;36064
1808;SUITE;1262;norte;36074
1809;SEMI SUITE;1263;occidente;36083
1810;SEMI SUITE;1264;sur;36087
1811;ESTANDAR;1265;sur;36098
1812;SUITE;1266;occidente;36111
1813;ESTANDAR;1267;norte;36113
1814;SUITE;1268;oriente;36114
1815;SUITE;1269;norte;36121
1816;SEMI SUITE;1270;occidente;36122
1817;ESTANDAR;1271;sur;36132
1818;ESTANDAR;1272;sur;36139
1819;SEMI SUITE;1273;occidente;36143
1820;SEMI SUITE;1274;norte;36150
1821;ESTANDAR;1275;oriente;36151
1822;SUITE;1276;norte;111
1823;SUITE;1277;occidente;121
1824;SEMI SUITE;1278;sur;126
1825;SEMI SUITE;1279;sur;129
1826;ESTANDAR;1280;occidente;149
1827;SUITE;1281;norte;151
1828;ESTANDAR;1282;oriente;152
1829;SUITE;1283;norte;35711
1830;SUITE;1284;occidente;35715
1831;SEMI SUITE;1285;sur;35724
1832;ESTANDAR;1286;sur;35726
1833;ESTANDAR;1287;occidente;35727
1834;SEMI SUITE;1288;norte;35733
1835;SEMI SUITE;1289;oriente;35736
1836;ESTANDAR;1290;norte;35737
1837;SUITE;1291;occidente;35741
1838;SUITE;1292;sur;35744
1839;SEMI SUITE;1293;sur;35753
1840;SEMI SUITE;1294;occidente;35755
1841;ESTANDAR;1295;norte;35762
1842;SUITE;1296;oriente;35769
1843;ESTANDAR;1297;norte;35772
1844;SUITE;1298;occidente;35773
1845;SUITE;1299;sur;35781
1846;SEMI SUITE;1300;sur;35790
1847;ESTANDAR;1301;occidente;35792
1848;ESTANDAR;1302;norte;35794
1849;SEMI SUITE;1303;oriente;35797
1850;SEMI SUITE;1304;norte;35802
1851;ESTANDAR;1305;occidente;35803
1852;SUITE;1306;sur;35809
1853;SUITE;1307;sur;35811
1854;SEMI SUITE;1308;occidente;35813
1855;SEMI SUITE;1309;norte;35817
1856;ESTANDAR;1310;oriente;35818
1857;SUITE;1311;norte;35819
1858;ESTANDAR;1312;occidente;35821
1859;SUITE;1313;sur;35822
1860;SUITE;1314;sur;35831
1861;SEMI SUITE;1315;occidente;35833
1862;ESTANDAR;1316;norte;35840
1863;ESTANDAR;1317;oriente;35849
1864;SEMI SUITE;1318;norte;35855
1865;SEMI SUITE;1319;occidente;35860
1866;ESTANDAR;1320;sur;35863
1867;SUITE;1321;sur;35867
1868;SUITE;1322;occidente;35875
1869;SEMI SUITE;1323;norte;35878
1870;SEMI SUITE;1324;oriente;35883
1871;ESTANDAR;1325;norte;35889
1872;SUITE;1326;occidente;35896
1873;ESTANDAR;1327;sur;35913
1874;SUITE;1328;sur;35914
1875;SUITE;1329;occidente;35924
1876;SEMI SUITE;1330;norte;35925
1877;ESTANDAR;1331;oriente;35927
1878;ESTANDAR;1332;norte;35929
1879;SEMI SUITE;1333;occidente;35937
1880;SEMI SUITE;1334;sur;35940
1881;ESTANDAR;1335;sur;35941
1882;SUITE;1336;occidente;35942
1883;SUITE;1337;norte;35948
1884;SEMI SUITE;1338;oriente;35949
1885;SEMI SUITE;1339;norte;35958
1886;ESTANDAR;1340;occidente;35964
1887;SUITE;1341;sur;35969
1888;ESTANDAR;1342;sur;35989
1889;SUITE;1343;occidente;35992
1890;SUITE;1344;norte;35996
1891;SEMI SUITE;1345;oriente;35999
1892;ESTANDAR;1346;norte;36000
1893;ESTANDAR;1347;occidente;36001
1894;SEMI SUITE;1348;sur;36010
1895;SEMI SUITE;1349;sur;36029
1896;ESTANDAR;1350;occidente;36033
1897;SUITE;1351;norte;36035
1898;SUITE;1352;oriente;36037
1899;SEMI SUITE;1353;norte;36044
1900;SEMI SUITE;1354;occidente;36050
1901;ESTANDAR;1355;sur;36051
1902;SUITE;1356;sur;36055
1903;ESTANDAR;1357;occidente;36056
1904;SUITE;1358;norte;36057
1905;SUITE;1359;oriente;36063
1906;SEMI SUITE;1360;norte;36064
1907;ESTANDAR;1361;occidente;36074
1908;ESTANDAR;1362;sur;36083
1909;SEMI SUITE;1363;sur;36087
1910;SEMI SUITE;1364;occidente;36098
1911;ESTANDAR;1365;norte;36111
1912;SUITE;1366;oriente;36113
1913;SUITE;1367;norte;36114
1914;SEMI SUITE;1368;occidente;36121
1915;SEMI SUITE;1369;sur;36122
1916;ESTANDAR;1370;sur;36132
1917;SUITE;1371;occidente;36139
1918;ESTANDAR;1372;norte;36143
1919;SUITE;1373;oriente;36150
1920;SUITE;1374;norte;36151
1921;SEMI SUITE;1375;occidente;111
1922;ESTANDAR;1376;sur;121
1923;ESTANDAR;1377;sur;126
1924;SEMI SUITE;1378;occidente;129
1925;SEMI SUITE;1379;norte;149
1926;ESTANDAR;1380;oriente;151
1927;SUITE;1381;norte;152
1928;SUITE;1382;occidente;35711
1929;SEMI SUITE;1383;sur;35715
1930;SEMI SUITE;1384;sur;35724
1931;ESTANDAR;1385;occidente;35726
1932;SUITE;1386;norte;35727
1933;ESTANDAR;1387;oriente;35733
1934;SUITE;1388;norte;35736
1935;SUITE;1389;occidente;35737
1936;SEMI SUITE;1390;sur;35741
1937;ESTANDAR;1391;sur;35744
1938;ESTANDAR;1392;occidente;35753
1939;SEMI SUITE;1393;norte;35755
1940;SEMI SUITE;1394;oriente;35762
1941;ESTANDAR;1395;norte;35769
1942;SUITE;1396;occidente;35772
1943;SUITE;1397;sur;35773
1944;SEMI SUITE;1398;sur;35781
1945;SEMI SUITE;1399;occidente;35790
1946;ESTANDAR;1400;norte;35792
1947;SUITE;1401;oriente;35794
1948;ESTANDAR;1402;norte;35797
1949;SUITE;1403;occidente;35802
1950;SUITE;1404;sur;35803
1951;SEMI SUITE;1405;sur;35809
1952;ESTANDAR;1406;occidente;35811
1953;ESTANDAR;1407;norte;35813
1954;SEMI SUITE;1408;oriente;35817
1955;SEMI SUITE;1409;norte;35818
1956;ESTANDAR;1410;occidente;35819
1957;SUITE;1411;sur;35821
1958;SUITE;1412;sur;35822
1959;SEMI SUITE;1413;occidente;35831
1960;SEMI SUITE;1414;norte;35833
1961;ESTANDAR;1415;oriente;35840
1962;SUITE;1416;norte;35849
1963;ESTANDAR;1417;occidente;35855
1964;SUITE;1418;sur;35860
1965;SUITE;1419;sur;35863
1966;SEMI SUITE;1420;occidente;35867
1967;ESTANDAR;1421;norte;35875
1968;ESTANDAR;1422;oriente;35878
1969;SEMI SUITE;1423;norte;35883
1970;SEMI SUITE;1424;occidente;35889
1971;ESTANDAR;1425;sur;35896
1972;SUITE;1426;sur;35913
1973;SUITE;1427;occidente;35914
1974;SEMI SUITE;1428;sur;35924
1975;SEMI SUITE;1429;occidente;35925
1976;ESTANDAR;1430;norte;35927
1977;SUITE;1431;oriente;35929
1978;SUITE;1432;norte;35937
1979;SEMI SUITE;1433;occidente;35940
1980;SEMI SUITE;1434;sur;35941
1981;ESTANDAR;1435;sur;35942
1982;SUITE;1436;occidente;35948
1983;ESTANDAR;1437;norte;35949
1984;SUITE;1438;oriente;35958
1985;SUITE;1439;norte;35964
1986;SEMI SUITE;1440;occidente;35969
1987;ESTANDAR;1441;sur;35989
1988;ESTANDAR;1442;sur;35992
1989;SEMI SUITE;1443;occidente;35996
1990;SEMI SUITE;1444;norte;35999
1991;ESTANDAR;1445;oriente;36000
1992;SUITE;1446;norte;36001
1993;SUITE;1447;occidente;36010
1994;SEMI SUITE;1448;sur;36029
1995;SEMI SUITE;1449;sur;36033
1996;ESTANDAR;1450;occidente;36035
1997;SUITE;1451;norte;36037
1998;ESTANDAR;1452;oriente;36044
1999;SUITE;1453;norte;36050
2000;SUITE;1454;occidente;36051
2001;SEMI SUITE;1455;sur;36055
2002;ESTANDAR;1456;sur;36056
2003;ESTANDAR;1457;occidente;36057
2004;SEMI SUITE;1458;norte;36063
2005;SEMI SUITE;1459;oriente;36064
2006;ESTANDAR;1460;norte;36074
2007;SUITE;1461;occidente;36083
2008;SUITE;1462;sur;36087
2009;SEMI SUITE;1463;sur;36098
2010;SEMI SUITE;1464;occidente;36111
2011;ESTANDAR;1465;norte;36113
2012;SUITE;1466;oriente;36114
2013;ESTANDAR;1467;norte;36121
2014;SUITE;1468;occidente;36122
2015;SUITE;1469;sur;36132
2016;SEMI SUITE;1470;sur;36139
2017;ESTANDAR;1471;occidente;36143
2018;ESTANDAR;1472;norte;36150
2019;SEMI SUITE;1473;oriente;36151
2020;SEMI SUITE;1474;norte;111
2021;ESTANDAR;1475;occidente;121
2022;SUITE;1476;sur;126
2023;SUITE;1477;sur;129
2024;SEMI SUITE;1478;occidente;149
2025;SEMI SUITE;1479;norte;151
2026;ESTANDAR;1480;oriente;152
2027;SUITE;1481;norte;35711
2028;ESTANDAR;1482;occidente;35715
2029;SUITE;1483;sur;35724
2030;SUITE;1484;sur;35726
2031;SEMI SUITE;1485;occidente;35727
2032;ESTANDAR;1486;norte;35733
2033;ESTANDAR;1487;oriente;35736
2034;SEMI SUITE;1488;norte;35737
2035;SEMI SUITE;1489;occidente;35741
2036;ESTANDAR;1490;sur;35744
2037;SUITE;1491;sur;35753
2038;SUITE;1492;occidente;35755
2039;SEMI SUITE;1493;norte;35762
2040;SEMI SUITE;1494;oriente;35769
2041;ESTANDAR;1495;norte;35772
2042;SUITE;1496;occidente;35773
2043;ESTANDAR;1497;sur;35781
2044;SUITE;1498;sur;35790
2045;SUITE;1499;occidente;35792
2046;SEMI SUITE;1500;norte;35794
2047;ESTANDAR;1501;oriente;35797
2048;ESTANDAR;1502;norte;35802
2049;SEMI SUITE;1503;occidente;35803
2050;SEMI SUITE;1504;sur;35809
2051;ESTANDAR;1505;sur;35811
2052;SUITE;1506;occidente;35813
2053;SUITE;1507;norte;35817
2054;SEMI SUITE;1508;oriente;35818
2055;SEMI SUITE;1509;norte;35819
2056;ESTANDAR;1510;occidente;35821
2057;SUITE;1511;sur;35822
2058;SUITE;1512;sur;35831
2059;SEMI SUITE;1513;occidente;35833
2060;SEMI SUITE;1514;norte;35840
2061;ESTANDAR;1515;oriente;35849
2062;SUITE;1516;norte;35855
2063;ESTANDAR;1517;occidente;35860
2064;SUITE;1518;sur;35863
2065;SUITE;1519;sur;35867
2066;SEMI SUITE;1520;occidente;35875
2067;ESTANDAR;1521;norte;35878
2068;ESTANDAR;1522;oriente;35883
2069;SEMI SUITE;1523;norte;35889
2070;SEMI SUITE;1524;occidente;35896
2071;ESTANDAR;1525;sur;35913
2072;SUITE;1526;sur;35914
2073;SUITE;1527;occidente;35924
2074;SEMI SUITE;1528;norte;35925
2075;SEMI SUITE;1529;oriente;35927
2076;ESTANDAR;1530;norte;35929
2077;SUITE;1531;occidente;35937
2078;ESTANDAR;1532;sur;35940
2079;SUITE;1533;sur;35941
2080;SUITE;1534;occidente;35942
2081;SEMI SUITE;1535;norte;35948
2082;ESTANDAR;1536;oriente;35949
2083;ESTANDAR;1537;norte;35958
2084;SEMI SUITE;1538;occidente;35964
2085;SEMI SUITE;1539;sur;35969
2086;ESTANDAR;1540;sur;35989
2087;SUITE;1541;occidente;35992
2088;SUITE;1542;norte;35996
2089;SEMI SUITE;1543;oriente;35999
2090;SEMI SUITE;1544;norte;36000
2091;ESTANDAR;1545;occidente;36001
2092;SUITE;1546;sur;36010
2093;ESTANDAR;1547;sur;36029
2094;SUITE;1548;occidente;36033
2095;SUITE;1549;norte;36035
2096;SEMI SUITE;1550;oriente;36037
2097;ESTANDAR;1551;norte;36044
2098;ESTANDAR;1552;occidente;36050
2099;SEMI SUITE;1553;sur;36051
2100;SEMI SUITE;1554;sur;36055
2101;ESTANDAR;1555;occidente;36056
2102;SUITE;1556;norte;36057
2103;SUITE;1557;oriente;36063
2104;SEMI SUITE;1558;norte;36064
2105;SEMI SUITE;1559;occidente;36074
2106;ESTANDAR;1560;sur;36083
2107;SUITE;1561;sur;36087
2108;ESTANDAR;1562;occidente;36098
2109;SUITE;1563;norte;36111
2110;SUITE;1564;oriente;36113
2111;SEMI SUITE;1565;norte;36114
2112;ESTANDAR;1566;occidente;36121
2113;ESTANDAR;1567;sur;36122
2114;SEMI SUITE;1568;sur;36132
2115;SEMI SUITE;1569;occidente;36139
2116;ESTANDAR;1570;norte;36143
2117;SUITE;1571;oriente;36150
2118;SUITE;1572;norte;36151
2119;SEMI SUITE;1573;occidente;111
2120;SEMI SUITE;1574;sur;121
2121;ESTANDAR;1575;sur;126
2122;SUITE;1576;occidente;129
2123;ESTANDAR;1577;norte;149
2124;SUITE;1578;oriente;151
2125;SUITE;1579;norte;152
2126;SEMI SUITE;1580;occidente;35711
2127;ESTANDAR;1581;sur;35715
2128;ESTANDAR;1582;sur;35724
2129;SEMI SUITE;1583;occidente;35726
2130;SEMI SUITE;1584;norte;35727
2131;ESTANDAR;1585;oriente;35733
2132;SUITE;1586;norte;35736
2133;SUITE;1587;occidente;35737
2134;SEMI SUITE;1588;sur;35741
2135;SEMI SUITE;1589;sur;35744
2136;ESTANDAR;1590;occidente;35753
2137;SUITE;1591;norte;35755
2138;SUITE;1592;oriente;35762
2139;SEMI SUITE;1593;norte;35769
2140;SEMI SUITE;1594;occidente;35772
2141;ESTANDAR;1595;sur;35773
2142;SUITE;1596;sur;35781
2143;ESTANDAR;1597;occidente;35790
2144;SUITE;1598;norte;35792
2145;SUITE;1599;oriente;35794
2146;SEMI SUITE;1600;norte;35797
2147;ESTANDAR;1601;occidente;35802
2148;ESTANDAR;1602;sur;35803
2149;SEMI SUITE;1603;sur;35809
2150;SEMI SUITE;1604;occidente;35811
2151;ESTANDAR;1605;norte;35813
2152;SUITE;1606;oriente;35817
2153;SUITE;1607;norte;35818
2154;SEMI SUITE;1608;occidente;35819
2155;SEMI SUITE;1609;sur;35821
2156;ESTANDAR;1610;sur;35822
2157;SUITE;1611;occidente;35831
2158;ESTANDAR;1612;norte;35833
2159;SUITE;1613;oriente;35840
2160;SUITE;1614;norte;35849
2161;SEMI SUITE;1615;occidente;35855
2162;ESTANDAR;1616;sur;35860
2163;ESTANDAR;1617;sur;35863
2164;SEMI SUITE;1618;occidente;35867
2165;SEMI SUITE;1619;norte;35875
2166;ESTANDAR;1620;oriente;35878
2167;SUITE;1621;norte;35883
2168;SUITE;1622;occidente;35889
2169;SEMI SUITE;1623;sur;35896
2170;SEMI SUITE;1624;sur;35913
2171;ESTANDAR;1625;occidente;35914
2172;SUITE;1626;norte;35924
2173;ESTANDAR;1627;oriente;35925
2174;SUITE;1628;norte;35927
2175;SUITE;1629;occidente;35929
2176;SEMI SUITE;1630;sur;35937
2177;ESTANDAR;1631;sur;35940
2178;ESTANDAR;1632;occidente;35941
2179;SEMI SUITE;1633;norte;35942
2180;SEMI SUITE;1634;oriente;35948
2181;ESTANDAR;1635;norte;35949
2182;SUITE;1636;occidente;35958
2183;SUITE;1637;sur;35964
2184;SEMI SUITE;1638;sur;35969
2185;SEMI SUITE;1639;occidente;35989
2186;ESTANDAR;1640;norte;35992
2187;SUITE;1641;oriente;35996
2188;ESTANDAR;1642;norte;35999
2189;SUITE;1643;occidente;36000
2190;SUITE;1644;sur;36001
2191;SEMI SUITE;1645;sur;36010
2192;ESTANDAR;1646;occidente;36029
2193;ESTANDAR;1647;norte;36033
2194;SEMI SUITE;1648;oriente;36035
2195;SEMI SUITE;1649;norte;36037
2196;ESTANDAR;1650;occidente;36044
2197;SUITE;1651;sur;36050
2198;SUITE;1652;sur;36051
2199;SEMI SUITE;1653;occidente;36055
2200;SEMI SUITE;1654;norte;36056
2201;ESTANDAR;1655;oriente;36057
2202;SUITE;1656;norte;36063
2203;ESTANDAR;1657;occidente;36064
2204;SUITE;1658;sur;36074
2205;SUITE;1659;sur;36083
2206;SEMI SUITE;1660;occidente;36087
2207;ESTANDAR;1661;norte;36098
2208;ESTANDAR;1662;oriente;36111
2209;SEMI SUITE;1663;norte;36113
2210;SEMI SUITE;1664;occidente;36114
2211;ESTANDAR;1665;sur;36121
2212;SUITE;1666;sur;36122
2213;SUITE;1667;occidente;36132
2214;SEMI SUITE;1668;sur;36139
2215;SEMI SUITE;1669;occidente;36143
2216;ESTANDAR;1670;norte;36150
2217;SUITE;1671;oriente;36151
2218;SUITE;1672;norte;111
2219;SEMI SUITE;1673;occidente;121
2220;SEMI SUITE;1674;sur;126
2221;ESTANDAR;1675;sur;129
2222;SUITE;1676;occidente;149
2223;ESTANDAR;1677;norte;151
2224;SUITE;1678;oriente;152
2225;SUITE;1679;norte;35711
2226;SEMI SUITE;1680;occidente;35715
2227;ESTANDAR;1681;sur;35724
2228;ESTANDAR;1682;sur;35726
2229;SEMI SUITE;1683;occidente;35727
2230;SEMI SUITE;1684;norte;35733
2231;ESTANDAR;1685;oriente;35736
2232;SUITE;1686;norte;35737
2233;SUITE;1687;occidente;35741
2234;SEMI SUITE;1688;sur;35744
2235;SEMI SUITE;1689;sur;35753
2236;ESTANDAR;1690;occidente;35755
2237;SUITE;1691;norte;35762
2238;ESTANDAR;1692;oriente;35769
2239;SUITE;1693;norte;35772
2240;SUITE;1694;occidente;35773
2241;SEMI SUITE;1695;sur;35781
2242;ESTANDAR;1696;sur;35790
2243;ESTANDAR;1697;occidente;35792
2244;SEMI SUITE;1698;norte;35794
2245;SEMI SUITE;1699;oriente;35797
2246;ESTANDAR;1700;norte;35802
2247;SUITE;1701;occidente;35803
2248;SUITE;1702;sur;35809
2249;SEMI SUITE;1703;sur;35811
2250;SEMI SUITE;1704;occidente;35813
2251;ESTANDAR;1705;norte;35817
2252;SUITE;1706;oriente;35818
2253;ESTANDAR;1707;norte;35819
2254;SUITE;1708;occidente;35821
2255;SUITE;1709;sur;35822
2256;SEMI SUITE;1710;sur;35831
2257;ESTANDAR;1711;occidente;35833
2258;ESTANDAR;1712;norte;35840
2259;SEMI SUITE;1713;oriente;35849
2260;SEMI SUITE;1714;norte;35855
2261;ESTANDAR;1715;occidente;35860
2262;SUITE;1716;sur;35863
2263;SUITE;1717;sur;35867
2264;SEMI SUITE;1718;occidente;35875
2265;SEMI SUITE;1719;norte;35878
2266;ESTANDAR;1720;oriente;35883
2267;SUITE;1721;norte;35889
2268;ESTANDAR;1722;occidente;35896
2269;SUITE;1723;sur;35913
2270;SUITE;1724;sur;35914
2271;SEMI SUITE;1725;occidente;35924
2272;ESTANDAR;1726;norte;35925
2273;ESTANDAR;1727;oriente;35927
2274;SEMI SUITE;1728;norte;35929
2275;SEMI SUITE;1729;occidente;35937
2276;ESTANDAR;1730;sur;35940
2277;SUITE;1731;sur;35941
2278;SUITE;1732;occidente;35942
2279;SEMI SUITE;1733;norte;35948
2280;SEMI SUITE;1734;oriente;35949
2281;ESTANDAR;1735;norte;35958
2282;SUITE;1736;occidente;35964
2283;ESTANDAR;1737;sur;35969
2284;SUITE;1738;sur;35989
2285;SUITE;1739;occidente;35992
2286;SEMI SUITE;1740;norte;35996
2287;ESTANDAR;1741;oriente;35999
2288;ESTANDAR;1742;norte;36000
2289;SEMI SUITE;1743;occidente;36001
2290;SEMI SUITE;1744;sur;36010
2291;ESTANDAR;1745;sur;36029
2292;SUITE;1746;occidente;36033
2293;SUITE;1747;norte;36035
2294;SEMI SUITE;1748;oriente;36037
2295;SEMI SUITE;1749;norte;36044
2296;ESTANDAR;1750;occidente;36050
2297;SUITE;1751;sur;36051
2298;SUITE;1752;sur;36055
2299;SEMI SUITE;1753;occidente;36056
2300;SEMI SUITE;1754;norte;36057
2301;ESTANDAR;1755;oriente;36063
2302;SUITE;1756;norte;36064
2303;ESTANDAR;1757;occidente;36074
2304;SUITE;1758;sur;36083
2305;SUITE;1759;sur;36087
2306;SEMI SUITE;1760;occidente;36098
2307;ESTANDAR;1761;norte;36111
2308;ESTANDAR;1762;oriente;36113
2309;SEMI SUITE;1763;norte;36114
2310;SEMI SUITE;1764;occidente;36121
2311;ESTANDAR;1765;sur;36122
2312;SUITE;1766;sur;36132
2313;SUITE;1767;occidente;36139
2314;SEMI SUITE;1768;norte;36143
2315;SEMI SUITE;1769;oriente;36150
2316;ESTANDAR;1770;norte;36151
2317;SUITE;1771;occidente;111
2318;ESTANDAR;1772;sur;121
2319;SUITE;1773;sur;126
2320;SUITE;1774;occidente;129
2321;SEMI SUITE;1775;norte;149
2322;ESTANDAR;1776;oriente;151
2323;ESTANDAR;1777;norte;152
2324;SEMI SUITE;1778;occidente;35711
2325;SEMI SUITE;1779;sur;35715
2326;ESTANDAR;1780;sur;35724
2327;SUITE;1781;occidente;35726
2328;SUITE;1782;norte;35727
2329;SEMI SUITE;1783;oriente;35733
2330;SEMI SUITE;1784;norte;35736
2331;ESTANDAR;1785;occidente;35737
2332;SUITE;1786;sur;35741
2333;ESTANDAR;1787;sur;35744
2334;SUITE;1788;occidente;35753
2335;SUITE;1789;norte;35755
2336;SEMI SUITE;1790;oriente;35762
2337;ESTANDAR;1791;norte;35769
2338;ESTANDAR;1792;occidente;35772
2339;SEMI SUITE;1793;sur;35773
2340;SEMI SUITE;1794;sur;35781
2341;ESTANDAR;1795;occidente;35790
2342;SUITE;1796;norte;35792
2343;SUITE;1797;oriente;35794
2344;SEMI SUITE;1798;norte;35797
2345;SEMI SUITE;1799;occidente;35802
2346;ESTANDAR;1800;sur;35803
2347;SUITE;1801;sur;35809
2348;ESTANDAR;1802;norte;35811
2349;SUITE;1803;oriente;35813
2350;SUITE;1804;norte;35817
2351;SEMI SUITE;1805;occidente;35818
2352;SEMI SUITE;1806;sur;35819
2353;ESTANDAR;1807;sur;35821
2354;SUITE;1808;occidente;35822
2355;ESTANDAR;1809;norte;35831
2356;SUITE;1810;oriente;35833
2357;SUITE;1811;norte;35840
2358;SEMI SUITE;1812;occidente;35849
2359;ESTANDAR;1813;sur;35855
2360;ESTANDAR;1814;sur;35860
2361;SEMI SUITE;1815;occidente;35863
2362;SEMI SUITE;1816;norte;35867
2363;ESTANDAR;1817;oriente;35875
2364;SUITE;1818;norte;35878
2365;SUITE;1819;occidente;35883
2366;SEMI SUITE;1820;sur;35889
2367;SEMI SUITE;1821;sur;35896
2368;ESTANDAR;1822;occidente;35913
2369;SUITE;1823;norte;35914
2370;ESTANDAR;1824;oriente;35924
2371;SUITE;1825;norte;35925
2372;SUITE;1826;occidente;35927
2373;SEMI SUITE;1827;sur;35929
2374;ESTANDAR;1828;sur;35937
2375;ESTANDAR;1829;occidente;35940
2376;SEMI SUITE;1830;norte;35941
2377;SEMI SUITE;1831;oriente;35942
2378;ESTANDAR;1832;norte;35948
2379;SUITE;1833;occidente;35949
2380;SUITE;1834;sur;35958
2381;SEMI SUITE;1835;sur;35964
2382;SEMI SUITE;1836;occidente;35969
2383;ESTANDAR;1837;norte;35989
2384;SUITE;1838;oriente;35992
2385;ESTANDAR;1839;norte;35996
2386;SUITE;1840;occidente;35999
2387;SUITE;1841;sur;36000
2388;SEMI SUITE;1842;sur;36001
2389;ESTANDAR;1843;occidente;36010
2390;ESTANDAR;1844;norte;36029
2391;SEMI SUITE;1845;oriente;36033
2392;SEMI SUITE;1846;norte;36035
2393;ESTANDAR;1847;occidente;36037
2394;SUITE;1848;sur;36044
2395;SUITE;1849;sur;36050
2396;SEMI SUITE;1850;occidente;36051
2397;SEMI SUITE;1851;norte;36055
2398;ESTANDAR;1852;oriente;36056
2399;SUITE;1853;norte;36057
2400;ESTANDAR;1854;occidente;36063
2401;SUITE;1855;sur;36064
2402;SUITE;1856;sur;36074
2403;SEMI SUITE;1857;occidente;36083
2404;ESTANDAR;1858;norte;36087
2405;ESTANDAR;1859;oriente;36098
2406;SEMI SUITE;1860;norte;36111
2407;SEMI SUITE;1861;occidente;36113
2408;ESTANDAR;1862;sur;36114
2409;SUITE;1863;sur;36121
2410;SUITE;1864;occidente;36122
2411;SEMI SUITE;1865;norte;36132
2412;SEMI SUITE;1866;oriente;36139
2413;ESTANDAR;1867;norte;36143
2414;SUITE;1868;occidente;36150
2415;ESTANDAR;1869;sur;36151
2416;SUITE;1870;sur;111
2417;SUITE;1871;occidente;121
2418;SEMI SUITE;1872;norte;126
2419;ESTANDAR;1873;oriente;129
2420;ESTANDAR;1874;norte;149
2421;SEMI SUITE;1875;occidente;151
2422;SEMI SUITE;1876;sur;152
2423;ESTANDAR;1877;sur;35711
2424;SUITE;1878;occidente;35715
2425;SUITE;1879;norte;35724
2426;SEMI SUITE;1880;oriente;35726
2427;SEMI SUITE;1881;norte;35727
2428;ESTANDAR;1882;occidente;35733
2429;SUITE;1883;sur;35736
2430;ESTANDAR;1884;sur;35737
2431;SUITE;1885;occidente;35741
2432;SUITE;1886;norte;35744
2433;SEMI SUITE;1887;oriente;35753
2434;ESTANDAR;1888;norte;35755
2435;ESTANDAR;1889;occidente;35762
2436;SEMI SUITE;1890;sur;35769
2437;SEMI SUITE;1891;sur;35772
2438;ESTANDAR;1892;occidente;35773
2439;SUITE;1893;norte;35781
2440;SUITE;1894;oriente;35790
2441;SEMI SUITE;1895;norte;35792
2442;SEMI SUITE;1896;occidente;35794
2443;ESTANDAR;1897;sur;35797
2444;SUITE;1898;sur;35802
2445;ESTANDAR;1899;occidente;35803
2446;SUITE;1900;norte;35809
2447;SUITE;1901;oriente;35811
2448;SEMI SUITE;1902;norte;35813
2449;ESTANDAR;1903;occidente;35817
2450;ESTANDAR;1904;sur;35818
2451;SEMI SUITE;1905;sur;35819
2452;SEMI SUITE;1906;occidente;35821
2453;ESTANDAR;1907;norte;35822
2454;SUITE;1908;oriente;35831
2455;SUITE;1909;norte;35833
2456;SEMI SUITE;1910;occidente;35840
2457;SEMI SUITE;1911;sur;35849
2458;ESTANDAR;1912;sur;35855
2459;SUITE;1913;occidente;35860
2460;ESTANDAR;1914;norte;35863
2461;SUITE;1915;oriente;35867
2462;SUITE;1916;norte;35875
2463;SEMI SUITE;1917;occidente;35878
2464;ESTANDAR;1918;sur;35883
2465;ESTANDAR;1919;sur;35889
2466;SEMI SUITE;1920;occidente;35896
2467;SEMI SUITE;1921;norte;35913
2468;ESTANDAR;1922;oriente;35914
2469;SUITE;1923;norte;35924
2470;SUITE;1924;occidente;35925
2471;SEMI SUITE;1925;sur;35927
2472;SEMI SUITE;1926;sur;35929
2473;ESTANDAR;1927;occidente;35937
2474;SUITE;1928;norte;35940
2475;ESTANDAR;1929;oriente;35941
2476;SUITE;1930;norte;35942
2477;SUITE;1931;occidente;35948
2478;SEMI SUITE;1932;sur;35949
2479;ESTANDAR;1933;sur;35958
2480;ESTANDAR;1934;occidente;35964
2481;SEMI SUITE;1935;norte;35969
2482;SEMI SUITE;1936;oriente;35989
2483;ESTANDAR;1937;norte;35992
2484;SUITE;1938;occidente;35996
2485;SUITE;1939;sur;35999
2486;SEMI SUITE;1940;sur;36000
2487;SEMI SUITE;1941;occidente;36001
2488;ESTANDAR;1942;norte;36010
2489;SUITE;1943;oriente;36029
2490;ESTANDAR;1944;norte;36033
2491;SUITE;1945;occidente;36035
2492;SUITE;1946;sur;36037
2493;SEMI SUITE;1947;sur;36044
2494;ESTANDAR;1948;occidente;36050
2495;ESTANDAR;1949;norte;36051
2496;SEMI SUITE;1950;oriente;36055
2497;SEMI SUITE;1951;norte;36056
2498;ESTANDAR;1952;occidente;36057
2499;SUITE;1953;sur;36063
2500;SUITE;1954;sur;36064
2501;SEMI SUITE;1955;occidente;36074
2502;SEMI SUITE;1956;norte;36083
2503;ESTANDAR;1957;oriente;36087
2504;SUITE;1958;norte;36098
2505;ESTANDAR;1959;occidente;36111
2506;SUITE;1960;sur;36113
2507;SUITE;1961;sur;36114
2508;SEMI SUITE;1962;occidente;36121
2509;ESTANDAR;1963;norte;36122
2510;ESTANDAR;1964;oriente;36132
2511;SEMI SUITE;1965;norte;36139
2512;SEMI SUITE;1966;occidente;36143
2513;ESTANDAR;1967;sur;36150
2514;SUITE;1968;sur;36151
2515;SUITE;1969;occidente;111
2516;SEMI SUITE;1970;norte;121
2517;SEMI SUITE;1971;oriente;126
2518;ESTANDAR;1972;norte;129
2519;SUITE;1973;occidente;149
2520;ESTANDAR;1974;sur;151
2521;SUITE;1975;sur;152
2522;SUITE;1976;occidente;35711
2523;SEMI SUITE;1977;norte;35715
2524;ESTANDAR;1978;oriente;35724
2525;ESTANDAR;1979;norte;35726
2526;SEMI SUITE;1980;occidente;35727
2527;SEMI SUITE;1981;sur;35733
2528;ESTANDAR;1982;sur;35736
2529;SUITE;1983;occidente;35737
2530;SUITE;1984;norte;35741
2531;SEMI SUITE;1985;oriente;35744
2532;SEMI SUITE;1986;norte;35753
2533;ESTANDAR;1987;occidente;35755
2534;SUITE;1988;sur;35762
2535;ESTANDAR;1989;sur;35769
2536;SUITE;1990;occidente;35772
2537;SUITE;1991;norte;35773
2538;SEMI SUITE;1992;oriente;35781
2539;ESTANDAR;1993;norte;35790
2540;ESTANDAR;1994;occidente;35792
2541;SEMI SUITE;1995;sur;35794
2542;SEMI SUITE;1996;sur;35797
2543;ESTANDAR;1997;occidente;35802
2544;SUITE;1998;norte;35803
2545;SUITE;1999;oriente;35809
2546;SEMI SUITE;2000;norte;35811
2547;SEMI SUITE;2001;occidente;35813
2548;ESTANDAR;2002;sur;35817
2549;SUITE;2003;sur;35818
2550;ESTANDAR;2004;occidente;35819
2551;SUITE;2005;norte;35821
2552;SUITE;2006;oriente;35822
2553;SEMI SUITE;2007;norte;35831
2554;ESTANDAR;2008;occidente;35833
2555;ESTANDAR;2009;sur;35840
2556;SEMI SUITE;2010;sur;35849
2557;SEMI SUITE;2011;occidente;35855
2558;ESTANDAR;2012;norte;35860
2559;SUITE;2013;oriente;35863
2560;SUITE;2014;norte;35867
2561;SEMI SUITE;2015;occidente;35875
2562;SEMI SUITE;2016;sur;35878
2563;ESTANDAR;2017;sur;35883
2564;SUITE;2018;occidente;35889
2565;ESTANDAR;2019;norte;35896
2566;SUITE;2020;oriente;35913
2567;SUITE;2021;norte;35914
2568;SEMI SUITE;2022;occidente;35924
2569;ESTANDAR;2023;sur;35925
2570;ESTANDAR;2024;sur;35927
2571;SEMI SUITE;2025;occidente;35929
2572;SEMI SUITE;2026;norte;35937
2573;ESTANDAR;2027;oriente;35940
2574;SUITE;2028;norte;35941
2575;SUITE;2029;occidente;35942
2576;SEMI SUITE;2030;sur;35948
2577;SEMI SUITE;2031;sur;35949
2578;ESTANDAR;2032;occidente;35958
2579;SUITE;2033;norte;35964
2580;ESTANDAR;2034;oriente;35969
2581;SUITE;2035;norte;35989
2582;SUITE;2036;occidente;35992
2583;SEMI SUITE;2037;sur;35996
2584;ESTANDAR;2038;sur;35999
2585;ESTANDAR;2039;occidente;36000
2586;SEMI SUITE;2040;norte;36001
2587;SEMI SUITE;2041;oriente;36010
2588;ESTANDAR;2042;norte;36029
2589;SUITE;2043;occidente;36033
2590;SUITE;2044;sur;36035
2591;SEMI SUITE;2045;sur;36037
2592;SEMI SUITE;2046;occidente;36044
2593;ESTANDAR;2047;norte;36050
2594;SUITE;2048;oriente;36051
2595;ESTANDAR;2049;norte;36055
2596;SUITE;2050;occidente;36056
2597;SUITE;2051;sur;36057
2598;SEMI SUITE;2052;sur;36063
2599;ESTANDAR;2053;occidente;36064
2600;ESTANDAR;2054;norte;36074
2601;SEMI SUITE;2055;oriente;36083
2602;SEMI SUITE;2056;norte;36087
2603;ESTANDAR;2057;occidente;36098
2604;SUITE;2058;sur;36111
2605;SUITE;2059;sur;36113
2606;SEMI SUITE;2060;occidente;36114
2607;SEMI SUITE;2061;norte;36121
2608;ESTANDAR;2062;oriente;36122
2609;SUITE;2063;norte;36132
2610;ESTANDAR;2064;occidente;36139
2611;SUITE;2065;sur;36143
2612;SUITE;2066;sur;36150
2613;SEMI SUITE;2067;occidente;36151
2614;ESTANDAR;2068;norte;111
2615;ESTANDAR;2069;oriente;121
2616;SEMI SUITE;2070;norte;126
2617;SEMI SUITE;2071;occidente;129
2618;ESTANDAR;2072;sur;149
2619;SUITE;2073;sur;151
2620;SUITE;2074;occidente;152
2621;SEMI SUITE;2075;norte;35711
2622;SEMI SUITE;2076;oriente;35715
2623;ESTANDAR;2077;norte;35724
2624;SUITE;2078;occidente;35726
2625;ESTANDAR;2079;sur;35727
2626;SUITE;2080;sur;35733
2627;SUITE;2081;occidente;35736
2628;SEMI SUITE;2082;norte;35737
2629;ESTANDAR;2083;oriente;35741
2630;ESTANDAR;2084;norte;35744
2631;SEMI SUITE;2085;occidente;35753
2632;SEMI SUITE;2086;sur;35755
2633;ESTANDAR;2087;sur;35762
2634;SUITE;2088;occidente;35769
2635;SUITE;2089;norte;35772
2636;SEMI SUITE;2090;oriente;35773
2637;SEMI SUITE;2091;norte;35781
2638;ESTANDAR;2092;occidente;35790
2639;SUITE;2093;sur;35792
2640;ESTANDAR;2094;sur;35794
2641;SUITE;2095;occidente;35797
2642;SUITE;2096;norte;35802
2643;SEMI SUITE;2097;oriente;35803
2644;ESTANDAR;2098;norte;35809
2645;ESTANDAR;2099;occidente;35811
2646;SEMI SUITE;2100;sur;35813
2647;SEMI SUITE;2101;sur;35817
2648;ESTANDAR;2102;occidente;35818
2649;SUITE;2103;norte;35819
2650;SUITE;2104;oriente;35821
2651;SEMI SUITE;2105;norte;35822
2652;SEMI SUITE;2106;occidente;35831
2653;ESTANDAR;2107;sur;35833
2654;SUITE;2108;sur;35840
2655;ESTANDAR;2109;occidente;35849
2656;SUITE;2110;norte;35855
2657;SUITE;2111;oriente;35860
2658;SEMI SUITE;2112;norte;35863
2659;ESTANDAR;2113;occidente;35867
2660;ESTANDAR;2114;sur;35875
2661;SEMI SUITE;2115;sur;35878
2662;SEMI SUITE;2116;occidente;35883
2663;ESTANDAR;2117;norte;35889
2664;SUITE;2118;oriente;35896
2665;SUITE;2119;norte;35913
2666;SEMI SUITE;2120;occidente;35914
2667;SEMI SUITE;2121;sur;35924
2668;ESTANDAR;2122;sur;35925
2669;SUITE;2123;occidente;35927
2670;ESTANDAR;2124;norte;35929
2671;SUITE;2125;oriente;35937
2672;SUITE;2126;norte;35940
2673;SEMI SUITE;2127;occidente;35941
2674;ESTANDAR;2128;sur;35942
2675;ESTANDAR;2129;sur;35948
2676;SEMI SUITE;2130;occidente;35949
2677;SEMI SUITE;2131;norte;35958
2678;ESTANDAR;2132;oriente;35964
2679;SUITE;2133;norte;35969
2680;SUITE;2134;occidente;35989
2681;SEMI SUITE;2135;sur;35992
2682;SEMI SUITE;2136;sur;35996
2683;ESTANDAR;2137;occidente;35999
2684;SUITE;2138;norte;36000
2685;ESTANDAR;2139;oriente;36001
2686;SUITE;2140;norte;36010
2687;SUITE;2141;occidente;36029
2688;SEMI SUITE;2142;sur;36033
2689;ESTANDAR;2143;sur;36035
2690;ESTANDAR;2144;occidente;36037
2691;SEMI SUITE;2145;norte;36044
2692;SEMI SUITE;2146;oriente;36050
2693;ESTANDAR;2147;norte;36051
2694;SUITE;2148;occidente;36055
2695;SUITE;2149;sur;36056
2696;SEMI SUITE;2150;sur;36057
2697;SEMI SUITE;2151;occidente;36063
2698;ESTANDAR;2152;norte;36064
2699;SUITE;2153;oriente;36074
2700;ESTANDAR;2154;norte;36083
2701;SUITE;2155;occidente;36087
2702;SUITE;2156;sur;36098
2703;SEMI SUITE;2157;sur;36111
2704;ESTANDAR;2158;occidente;36113
2705;ESTANDAR;2159;norte;36114
2706;SEMI SUITE;2160;oriente;36121
2707;SEMI SUITE;2161;norte;36122
2708;ESTANDAR;2162;occidente;36132
2709;SUITE;2163;sur;36139
2710;SUITE;2164;sur;36143
2711;SEMI SUITE;2165;occidente;36150
2712;SEMI SUITE;2166;norte;36151
2713;ESTANDAR;2167;oriente;111
2714;SUITE;2168;norte;121
2715;ESTANDAR;2169;occidente;126
2716;SUITE;2170;sur;129
2717;SUITE;2171;sur;149
2718;SEMI SUITE;2172;occidente;151
2719;ESTANDAR;2173;norte;152
2720;ESTANDAR;2174;oriente;35711
2721;SEMI SUITE;2175;norte;35715
2722;SEMI SUITE;2176;occidente;35724
2723;ESTANDAR;2177;sur;35726
2724;SUITE;2178;sur;35727
2725;SUITE;2179;occidente;35733
2726;SEMI SUITE;2180;norte;35736
2727;SEMI SUITE;2181;oriente;35737
2728;ESTANDAR;2182;norte;35741
2729;SUITE;2183;occidente;35744
2730;ESTANDAR;2184;sur;35753
2731;SUITE;2185;sur;35755
2732;SUITE;2186;occidente;35762
2733;SEMI SUITE;2187;norte;35769
2734;ESTANDAR;2188;oriente;35772
2735;ESTANDAR;2189;norte;35773
2736;SEMI SUITE;2190;occidente;35781
2737;SEMI SUITE;2191;sur;35790
2738;ESTANDAR;2192;sur;35792
2739;SUITE;2193;occidente;35794
2740;SUITE;2194;norte;35797
2741;SEMI SUITE;2195;oriente;35802
2742;SEMI SUITE;2196;norte;35803
2743;ESTANDAR;2197;occidente;35809
2744;SUITE;2198;sur;35811
2745;ESTANDAR;2199;sur;35813
2746;SUITE;2200;occidente;35817
2747;SUITE;2201;norte;35818
2748;SEMI SUITE;2202;oriente;35819
2749;ESTANDAR;2203;norte;35821
2750;ESTANDAR;2204;occidente;35822
2751;SEMI SUITE;2205;sur;35831
2752;SEMI SUITE;2206;sur;35833
2753;ESTANDAR;2207;occidente;35840
2754;SUITE;2208;norte;35849
2755;SUITE;2209;oriente;35855
2756;SEMI SUITE;2210;norte;35860
2757;SEMI SUITE;2211;occidente;35863
2758;ESTANDAR;2212;sur;35867
2759;SUITE;2213;sur;35875
2760;ESTANDAR;2214;occidente;35878
2761;SUITE;2215;norte;35883
2762;SUITE;2216;oriente;35889
2763;SEMI SUITE;2217;norte;35896
2764;ESTANDAR;2218;occidente;35913
2765;ESTANDAR;2219;sur;35914
2766;SEMI SUITE;2220;sur;35924
2767;SEMI SUITE;2221;occidente;35925
2768;ESTANDAR;2222;norte;35927
2769;SUITE;2223;oriente;35929
2770;SUITE;2224;norte;35937
2771;SEMI SUITE;2225;occidente;35940
2772;SEMI SUITE;2226;sur;35941
2773;ESTANDAR;2227;sur;35942
2774;SUITE;2228;occidente;35948
2775;ESTANDAR;2229;norte;35949
2776;SUITE;2230;oriente;35958
2777;SUITE;2231;norte;35964
2778;SEMI SUITE;2232;occidente;35969
2779;ESTANDAR;2233;sur;35989
2780;ESTANDAR;2234;sur;35992
2781;SEMI SUITE;2235;occidente;35996
2782;SEMI SUITE;2236;norte;35999
2783;ESTANDAR;2237;oriente;36000
2784;SUITE;2238;norte;36001
2785;SUITE;2239;occidente;36010
2786;SEMI SUITE;2240;sur;36029
2787;SEMI SUITE;2241;sur;36033
2788;ESTANDAR;2242;occidente;36035
2789;SUITE;2243;norte;36037
2790;ESTANDAR;2244;oriente;36044
2791;SUITE;2245;norte;36050
2792;SUITE;2246;occidente;36051
2793;SEMI SUITE;2247;sur;36055
2794;ESTANDAR;2248;sur;36056
2795;ESTANDAR;2249;occidente;36057
2796;SEMI SUITE;2250;norte;36063
2797;SEMI SUITE;2251;oriente;36064
2798;ESTANDAR;2252;norte;36074
2799;SUITE;2253;occidente;36083
2800;SUITE;2254;sur;36087
2801;SEMI SUITE;2255;sur;36098
2802;SEMI SUITE;2256;occidente;36111
2803;ESTANDAR;2257;norte;36113
2804;SUITE;2258;oriente;36114
2805;ESTANDAR;2259;norte;36121
2806;SUITE;2260;occidente;36122
2807;SUITE;2261;sur;36132
2808;SEMI SUITE;2262;sur;36139
2809;ESTANDAR;2263;occidente;36143
2810;ESTANDAR;2264;norte;36150
2811;SEMI SUITE;2265;oriente;36151
2812;SEMI SUITE;2266;norte;111
2813;ESTANDAR;2267;occidente;121
2814;SUITE;2268;sur;126
2815;SUITE;2269;sur;129
2816;SEMI SUITE;2270;occidente;149
2817;SEMI SUITE;2271;norte;151
2818;ESTANDAR;2272;oriente;152
2819;SUITE;2273;norte;35711
2820;ESTANDAR;2274;occidente;35715
;;;;
;;;;
;;;;
;;;;
;;;;
;;;;
;;;;
;;;;
;;;;
;;;;
;;;;
;;;;
;;;;
;;;;
;;;;
;;;;
;;;;
;;;;
;;;;
;;;;
;;;;
;;;;
;;;;
;;;;
;;;;
;;;;
;;;;
;;;;
;;;;
;;;;
;;;;
;;;;
;;;;
;;;;
;;;;
;;;;
;;;;
;;;;
;;;;
;;;;
;;;;
;;;;
;;;;
;;;;
;;;;
;;;;
;;;;
;;;;
;;;;
;;;;
;;;;
;;;;
;;;;
;;;;
;;;;
;;;;
;;;;
;;;;
;;;;
;;;;
;;;;
;;;;
;;;;
;;;;
;;;;
;;;;
;;;;
;;;;
;;;;
;;;;
;;;;
;;;;
;;;;
;;;;
;;;;
;;;;
;;;;
;;;;
;;;;
;;;;
;;;;
;;;;
;;;;
;;;;
;;;;
;;;;
;;;;
;;;;
;;;;
;;;;
;;;;
;;;;
;;;;
;;;;
;;;;
;;;;
;;;;
;;;;
;;;;
;;;;
;;;;
;;;;
;;;;
;;;;
;;;;
;;;;
;;;;
;;;;
;;;;
;;;;
;;;;
;;;;
;;;;
;;;;
;;;;
;;;;
;;;;
;;;;
;;;;
;;;;
;;;;
;;;;
;;;;
;;;;
;;;;
;;;;
;;;;
;;;;
;;;;
;;;;
;;;;
;;;;
;;;;
;;;;
;;;;
;;;;
;;;;
;;;;
;;;;
;;;;
;;;;
;;;;
;;;;
;;;;
;;;;
;;;;
;;;;
;;;;
;;;;
;;;;
;;;;
;;;;
;;;;
;;;;
;;;;
;;;;
;;;;
;;;;
;;;;
;;;;
;;;;
;;;;
;;;;
;;;;
;;;;
;;;;
;;;;
;;;;
;;;;
;;;;
;;;;
;;;;
;;;;
;;;;
;;;;
;;;;
;;;;
;;;;
;;;;
;;;;
;;;;
;;;;
;;;;
;;;;
;;;;
;;;;
;;;;
;;;;
;;;;
