insert into usuarios (id, login, contrasenia, tipo) values (1, 'singles0', 'NGdU2qY', 'responsable');
insert into usuarios (id, login, contrasenia, tipo) values (2, 'echaffe1', 'pbETm1ZRO', 'responsable');
insert into usuarios (id, login, contrasenia, tipo) values (3, 'wcampo2', '0ZqTAPwKo', 'responsable');
insert into usuarios (id, login, contrasenia, tipo) values (4, 'sfilinkov3', 'VmrFqA', 'responsable');
insert into usuarios (id, login, contrasenia, tipo) values (5, 'oantoshin4', 'I5BoZYWF', 'responsable');
insert into usuarios (id, login, contrasenia, tipo) values (6, 'ssergeaunt5', '4kyIm6C', 'responsable');
insert into usuarios (id, login, contrasenia, tipo) values (7, 'smanoch6', 'AdWTotsJoUu', 'responsable');
insert into usuarios (id, login, contrasenia, tipo) values (8, 'shorrell7', 'PQlx3Ay', 'responsable');
insert into usuarios (id, login, contrasenia, tipo) values (9, 'bkohn8', 'uJKJYr', 'responsable');
insert into usuarios (id, login, contrasenia, tipo) values (10, 'zgreaser9', 'iAOulNHKfVAF', 'responsable');
insert into usuarios (id, login, contrasenia, tipo) values (11, 'ngoatmana', 'FDzJTJHc9b', 'responsable');
insert into usuarios (id, login, contrasenia, tipo) values (12, 'mthorb', 'Jhse3wL', 'responsable');
insert into usuarios (id, login, contrasenia, tipo) values (13, 'kcrowderc', 'qjEuzC5b', 'responsable');
insert into usuarios (id, login, contrasenia, tipo) values (14, 'bchoppend', 'M52W8Sv7wp', 'responsable');
insert into usuarios (id, login, contrasenia, tipo) values (15, 'jlongthorne', 'cDAyvJc', 'responsable');
insert into usuarios (id, login, contrasenia, tipo) values (16, 'ngashionf', 'cdsok3WcsuG', 'responsable');
insert into usuarios (id, login, contrasenia, tipo) values (17, 'pdorreg', '6w3p8eMpJgIm', 'responsable');
insert into usuarios (id, login, contrasenia, tipo) values (18, 'gsachh', 'CpOJ6OJ', 'responsable');
insert into usuarios (id, login, contrasenia, tipo) values (19, 'rwandreyi', 'GQItRYQh', 'responsable');
insert into usuarios (id, login, contrasenia, tipo) values (20, 'sschruursj', 'qmjXVa4gfgW', 'responsable');
insert into usuarios (id, login, contrasenia, tipo) values (21, 'dlehrk', 'c12EVx6B', 'responsable');
insert into usuarios (id, login, contrasenia, tipo) values (22, 'bpudel', 'GTVPkiPP', 'responsable');
insert into usuarios (id, login, contrasenia, tipo) values (23, 'hbrestonm', 'lhY7yUTSdBn', 'responsable');
insert into usuarios (id, login, contrasenia, tipo) values (24, 'aleheuden', 'oCBekSoNzcW4', 'responsable');
insert into usuarios (id, login, contrasenia, tipo) values (25, 'ejacquemoto', 'i41uyKg1DgJ', 'responsable');
insert into usuarios (id, login, contrasenia, tipo) values (26, 'sboisep', 'xh7HPV', 'responsable');
insert into usuarios (id, login, contrasenia, tipo) values (27, 'fbraisbyq', 'f29aYB1', 'responsable');
insert into usuarios (id, login, contrasenia, tipo) values (28, 'vmacleeser', 'ECR9rD', 'responsable');
insert into usuarios (id, login, contrasenia, tipo) values (29, 'lwybrows', 'sExCcFQ1vs', 'responsable');
insert into usuarios (id, login, contrasenia, tipo) values (30, 'seloit', 'EiEBjo', 'responsable');
insert into usuarios (id, login, contrasenia, tipo) values (31, 'aredmileu', 'JxeLWJsy', 'responsable');
insert into usuarios (id, login, contrasenia, tipo) values (32, 'psollimev', 'CaFgim3', 'responsable');
insert into usuarios (id, login, contrasenia, tipo) values (33, 'jnapolionew', '6EEjfEqBoA', 'responsable');
insert into usuarios (id, login, contrasenia, tipo) values (34, 'mpedrox', '5hjpT2XAwt7', 'responsable');
insert into usuarios (id, login, contrasenia, tipo) values (35, 'glyngstedy', '7Yq041aK14', 'responsable');
insert into usuarios (id, login, contrasenia, tipo) values (36, 'gpatrichez', 'qmM5Ak58O', 'responsable');
insert into usuarios (id, login, contrasenia, tipo) values (37, 'syanshonok10', 'KeEjIoiiK', 'responsable');
insert into usuarios (id, login, contrasenia, tipo) values (38, 'ebannester11', 'nL4W2q9', 'responsable');
insert into usuarios (id, login, contrasenia, tipo) values (39, 'bdalmeida12', 'yt4K9eilpm', 'responsable');
insert into usuarios (id, login, contrasenia, tipo) values (40, 'pquene13', 'bEetoSMc', 'responsable');
insert into usuarios (id, login, contrasenia, tipo) values (41, 'emaccurley14', 'NShvCWQGKf', 'responsable');
insert into usuarios (id, login, contrasenia, tipo) values (42, 'ahusher15', 'IEPwm00', 'responsable');
insert into usuarios (id, login, contrasenia, tipo) values (43, 'lhemms16', 'CUz6BZzS', 'responsable');
insert into usuarios (id, login, contrasenia, tipo) values (44, 'emacfadden17', '5IrR9cOxY', 'responsable');
insert into usuarios (id, login, contrasenia, tipo) values (45, 'brankine18', '3Z1pzKqQ7yH', 'responsable');
insert into usuarios (id, login, contrasenia, tipo) values (46, 'smeriel19', '3hmqGio4', 'responsable');
insert into usuarios (id, login, contrasenia, tipo) values (47, 'marpin1a', 'l36VGaMBIvk', 'responsable');
insert into usuarios (id, login, contrasenia, tipo) values (48, 'cardron1b', '2JcG8io', 'responsable');
insert into usuarios (id, login, contrasenia, tipo) values (49, 'mfulk1c', 'ojEDtpu', 'responsable');
insert into usuarios (id, login, contrasenia, tipo) values (50, 'jchirm1d', 'KWtMynr', 'responsable');
insert into usuarios (id, login, contrasenia, tipo) values (51, 'wbreyt0', 'VhxmALHroHE', 'cliente');
insert into usuarios (id, login, contrasenia, tipo) values (52, 'gwooton1', 'aorx8eueqU', 'cliente');
insert into usuarios (id, login, contrasenia, tipo) values (53, 'cocullen2', 'BEd2Yr', 'cliente');
insert into usuarios (id, login, contrasenia, tipo) values (54, 'oluberti3', '0MHSG1mnvQUh', 'cliente');
insert into usuarios (id, login, contrasenia, tipo) values (55, 'dbeilby4', 'HIaoF4Q', 'cliente');
insert into usuarios (id, login, contrasenia, tipo) values (56, 'awessing5', 'PLLxSu', 'cliente');
insert into usuarios (id, login, contrasenia, tipo) values (57, 'rfeldberger6', 'd3Bg4Z8', 'cliente');
insert into usuarios (id, login, contrasenia, tipo) values (58, 'rdaskiewicz7', 'E3OqjiB3JA', 'cliente');
insert into usuarios (id, login, contrasenia, tipo) values (59, 'tchastey8', 'imbk05p', 'cliente');
insert into usuarios (id, login, contrasenia, tipo) values (60, 'tmarkovich9', '8QqkN5', 'cliente');
insert into usuarios (id, login, contrasenia, tipo) values (61, 'bspaciea', 'kf0LHr38yXB', 'cliente');
insert into usuarios (id, login, contrasenia, tipo) values (62, 'stotheb', 'EuO06svBDWyz', 'cliente');
insert into usuarios (id, login, contrasenia, tipo) values (63, 'mgiacopeloc', 'LKzB7n8R6S', 'cliente');
insert into usuarios (id, login, contrasenia, tipo) values (64, 'pcorkittd', 'kGIchQcV17u', 'cliente');
insert into usuarios (id, login, contrasenia, tipo) values (65, 'cgierthe', 'XhXohD', 'cliente');
insert into usuarios (id, login, contrasenia, tipo) values (66, 'msweettf', 'NrcIR7wo', 'cliente');
insert into usuarios (id, login, contrasenia, tipo) values (67, 'aboyang', 'GYZMv9PMg9lj', 'cliente');
insert into usuarios (id, login, contrasenia, tipo) values (68, 'koranh', 'SdwFfqa', 'cliente');
insert into usuarios (id, login, contrasenia, tipo) values (69, 'aroughleyi', 'g9qhC5VuM', 'cliente');
insert into usuarios (id, login, contrasenia, tipo) values (70, 'aduddyj', 'yZeNHgL5', 'cliente');
insert into usuarios (id, login, contrasenia, tipo) values (71, 'cmeneurk', '2edqi1hkJ', 'cliente');
insert into usuarios (id, login, contrasenia, tipo) values (72, 'grodliffl', 'NCmS6J6', 'cliente');
insert into usuarios (id, login, contrasenia, tipo) values (73, 'bianninim', 'Vof7n7T', 'cliente');
insert into usuarios (id, login, contrasenia, tipo) values (74, 'epickavancen', 'pcyYYU7u', 'cliente');
insert into usuarios (id, login, contrasenia, tipo) values (75, 'afaillo', 'VsjWiWjkE9a', 'cliente');
insert into usuarios (id, login, contrasenia, tipo) values (76, 'lmcgeeverp', 'z1C8FsAsV2c', 'cliente');
insert into usuarios (id, login, contrasenia, tipo) values (77, 'emcphilipq', 'GjRyKXk', 'cliente');
insert into usuarios (id, login, contrasenia, tipo) values (78, 'dtaltonr', 'GtxwqHpwNM', 'cliente');
insert into usuarios (id, login, contrasenia, tipo) values (79, 'gkellingtons', 'C60SZE6jr', 'cliente');
insert into usuarios (id, login, contrasenia, tipo) values (80, 'aphettist', 'TzXzSkYZmG5', 'cliente');
insert into usuarios (id, login, contrasenia, tipo) values (81, 'bfancottu', '22sFSftbw', 'cliente');
insert into usuarios (id, login, contrasenia, tipo) values (82, 'chabornv', 'yLZotfzF7Ulm', 'cliente');
insert into usuarios (id, login, contrasenia, tipo) values (83, 'smeconiw', '5sVafi', 'cliente');
insert into usuarios (id, login, contrasenia, tipo) values (84, 'gsydryx', 'auCVefDw', 'cliente');
insert into usuarios (id, login, contrasenia, tipo) values (85, 'bchatey', 'Y9I0TxGm', 'cliente');
insert into usuarios (id, login, contrasenia, tipo) values (86, 'jsmittenz', 'NFSFRmseUs', 'cliente');
insert into usuarios (id, login, contrasenia, tipo) values (87, 'jkennelly10', 'MTNMOG2gV6JH', 'cliente');
insert into usuarios (id, login, contrasenia, tipo) values (88, 'cnewlan11', 'vjvrWGBm5Yj6', 'cliente');
insert into usuarios (id, login, contrasenia, tipo) values (89, 'ahaythornthwaite12', 'YKtLqiohy', 'cliente');
insert into usuarios (id, login, contrasenia, tipo) values (90, 'eolivier13', '2V59fD', 'cliente');
insert into usuarios (id, login, contrasenia, tipo) values (91, 'nonthank14', 'MQhgA4fx1l', 'cliente');
insert into usuarios (id, login, contrasenia, tipo) values (92, 'inurny15', 'dD3waXR', 'cliente');
insert into usuarios (id, login, contrasenia, tipo) values (93, 'adore16', '5TzD5SF', 'cliente');
insert into usuarios (id, login, contrasenia, tipo) values (94, 'hhardcastle17', 'FjlbrwQ', 'cliente');
insert into usuarios (id, login, contrasenia, tipo) values (95, 'dstreet18', 'NkOciU', 'cliente');
insert into usuarios (id, login, contrasenia, tipo) values (96, 'jkraut19', '1WsffucoH7lS', 'cliente');
insert into usuarios (id, login, contrasenia, tipo) values (97, 'cbolliver1a', 'TxJXdTEly6', 'cliente');
insert into usuarios (id, login, contrasenia, tipo) values (98, 'jpunch1b', 'tS3oxc', 'cliente');
insert into usuarios (id, login, contrasenia, tipo) values (99, 'dmacourek1c', 'V5qiXxZhte', 'cliente');
insert into usuarios (id, login, contrasenia, tipo) values (100, 'npitblado1d', 'jiHjBQeLRleE', 'cliente');

insert into operadores (id, capacidad, tipo, nombre, telefono) values (1, 0, 'hotel', 'Wisozk-Spencer', '4913710122827324');
insert into operadores (id, capacidad, tipo, nombre, telefono) values (2, 0, 'hotel', 'Kessler and Sons', '6759388622942072222');
insert into operadores (id, capacidad, tipo, nombre, telefono) values (3, 0, 'hotel', 'Hills-Casper', '3585043311703760');
insert into operadores (id, capacidad, tipo, nombre, telefono) values (4, 0, 'hotel', 'Jaskolski-Hauck', '4041370486177983');
insert into operadores (id, capacidad, tipo, nombre, telefono) values (5, 0, 'hotel', 'Von-Blanda', '3587538417523655');
insert into operadores (id, capacidad, tipo, nombre, telefono) values (6, 0, 'hotel', 'Torphy-Haag', '3556975230440864');
insert into operadores (id, capacidad, tipo, nombre, telefono) values (7, 0, 'hotel', 'Donnelly-Cruickshank', '4917185506730806');
insert into operadores (id, capacidad, tipo, nombre, telefono) values (8, 0, 'hotel', 'Conn-Walker', '06046439770713942');
insert into operadores (id, capacidad, tipo, nombre, telefono) values (9, 0, 'hotel', 'Morissette Group', '3529801279400730');
insert into operadores (id, capacidad, tipo, nombre, telefono) values (10, 0, 'hotel', 'Cartwright Group', '3541334182649791');
insert into operadores (id, capacidad, tipo, nombre, telefono) values (11, 0, 'hostal', 'Cormier and Sons', '3542188520935760');
insert into operadores (id, capacidad, tipo, nombre, telefono) values (12, 0, 'hostal', 'Rohan-Waelchi', '5602258694326443');
insert into operadores (id, capacidad, tipo, nombre, telefono) values (13, 0, 'hostal', 'Legros LLC', '5018524029898091684');
insert into operadores (id, capacidad, tipo, nombre, telefono) values (14, 0, 'hostal', 'Waters and Sons', '5002353456568807');
insert into operadores (id, capacidad, tipo, nombre, telefono) values (15, 0, 'hostal', 'Hane-Mante', '3537024040296655');
insert into operadores (id, capacidad, tipo, nombre, telefono) values (16, 0, 'hostal', 'Kunde, Kshlerin and Senger', '3540890086728164');
insert into operadores (id, capacidad, tipo, nombre, telefono) values (17, 0, 'hostal', 'VonRueden-Hermiston', '6759235347317492731');
insert into operadores (id, capacidad, tipo, nombre, telefono) values (18, 0, 'hostal', 'Schulist, Nikolaus and Pfeffer', '30494867043167');
insert into operadores (id, capacidad, tipo, nombre, telefono) values (19, 0, 'hostal', 'Abbott-Klein', '3545964394909264');
insert into operadores (id, capacidad, tipo, nombre, telefono) values (20, 0, 'hostal', 'Fisher and Sons', '3538690938023564');
insert into operadores (id, capacidad, tipo, nombre, telefono) values (21, 0, 'hostal', 'Waters, Waters and Osinski', '6391744306783801');
insert into operadores (id, capacidad, tipo, nombre, telefono) values (22, 0, 'hostal', 'Bernier Group', '6333763123857029');
insert into operadores (id, capacidad, tipo, nombre, telefono) values (23, 0, 'vivuni', 'Padberg-Kub', '5602228604827970');
insert into operadores (id, capacidad, tipo, nombre, telefono) values (24, 0, 'pernat', 'Barnabas Aldin', '374283593387541');
insert into operadores (id, capacidad, tipo, nombre, telefono) values (25, 0, 'pernat', 'Eolanda Pickett', '3587076615294241');
insert into operadores (id, capacidad, tipo, nombre, telefono) values (26, 0, 'pernat', 'Rycca Bourton', '201890684986400');
insert into operadores (id, capacidad, tipo, nombre, telefono) values (27, 0, 'pernat', 'Rudd Trevascus', '4017954243752681');
insert into operadores (id, capacidad, tipo, nombre, telefono) values (28, 0, 'pernat', 'Maiga Gildea', '3563687622887393');
insert into operadores (id, capacidad, tipo, nombre, telefono) values (29, 0, 'pernat', 'Lillis Yosselevitch', '6759555583048140130');
insert into operadores (id, capacidad, tipo, nombre, telefono) values (30, 0, 'pernat', 'Sosanna Chadbourne', '374283891639619');
insert into operadores (id, capacidad, tipo, nombre, telefono) values (31, 0, 'pernat', 'Bobbie Urion', '3544130176878827');
insert into operadores (id, capacidad, tipo, nombre, telefono) values (32, 0, 'pernat', 'Demeter Berr', '5020409043516418316');
insert into operadores (id, capacidad, tipo, nombre, telefono) values (33, 0, 'pernat', 'Barret Fulmen', '3577216005177885');
insert into operadores (id, capacidad, tipo, nombre, telefono) values (34, 0, 'pernat', 'Wayne Pidgeley', '201956142533066');
insert into operadores (id, capacidad, tipo, nombre, telefono) values (35, 0, 'pernat', 'Gabi Eatherton', '201975008662389');
insert into operadores (id, capacidad, tipo, nombre, telefono) values (36, 0, 'pernat', 'Reiko MacVicar', '6709828860148383505');
insert into operadores (id, capacidad, tipo, nombre, telefono) values (37, 0, 'pernat', 'Antonietta Todman', '3551093148886866');
insert into operadores (id, capacidad, tipo, nombre, telefono) values (38, 0, 'pernat', 'Edouard Culligan', '490397145080747873');
insert into operadores (id, capacidad, tipo, nombre, telefono) values (39, 0, 'percom', 'Ardisj Glazyer', '3539406441021741');
insert into operadores (id, capacidad, tipo, nombre, telefono) values (40, 0, 'percom', 'Whit Byforth', '6762025432299610');
insert into operadores (id, capacidad, tipo, nombre, telefono) values (41, 0, 'percom', 'Roderich Haymes', '5007666595127374');
insert into operadores (id, capacidad, tipo, nombre, telefono) values (42, 0, 'percom', 'Bartel Lope', '3539332015606867');
insert into operadores (id, capacidad, tipo, nombre, telefono) values (43, 0, 'percom', 'Gloriana Willwood', '3587609581178087');
insert into operadores (id, capacidad, tipo, nombre, telefono) values (44, 0, 'percom', 'Cassius Filewood', '374288591488290');
insert into operadores (id, capacidad, tipo, nombre, telefono) values (45, 0, 'percom', 'Jonathan Mowle', '670957658182115186');
insert into operadores (id, capacidad, tipo, nombre, telefono) values (46, 0, 'percom', 'Vinny McCurlye', '5893444482731324098');
insert into operadores (id, capacidad, tipo, nombre, telefono) values (47, 0, 'percom', 'Nikki Whittick', '3575460605510622');
insert into operadores (id, capacidad, tipo, nombre, telefono) values (48, 0, 'percom', 'Lucinda Tumelty', '3546453286772062');
insert into operadores (id, capacidad, tipo, nombre, telefono) values (49, 0, 'percom', 'Barry Jadczak', '5602221923509809');
insert into operadores (id, capacidad, tipo, nombre, telefono) values (50, 0, 'percom', 'Chucho Row', '4695260483011054');


insert into responsables (id, cedula, edad, nombre, telefono, operador) values (1, '3559428238893632', 53, 'Coreen Trengrove', '372301394601878', 1);
insert into responsables (id, cedula, edad, nombre, telefono, operador) values (2, '4911158329402181785', 62, 'Arlee MacHarg', '5602231001343641442', 2);
insert into responsables (id, cedula, edad, nombre, telefono, operador) values (3, '201674079262092', 32, 'Rivalee Vezey', '501830051218975452', 3);
insert into responsables (id, cedula, edad, nombre, telefono, operador) values (4, '5610862063053064', 73, 'Alexei Conner', '5602230500691039', 4);
insert into responsables (id, cedula, edad, nombre, telefono, operador) values (5, '50185147913447158', 51, 'Keary Bruck', '374622957662777', 5);
insert into responsables (id, cedula, edad, nombre, telefono, operador) values (6, '3534936994318016', 25, 'Scottie Mahaddie', '676180037760665365', 6);
insert into responsables (id, cedula, edad, nombre, telefono, operador) values (7, '3567167428074237', 64, 'Donaugh Pizer', '3554975231316750', 7);
insert into responsables (id, cedula, edad, nombre, telefono, operador) values (8, '30239612036739', 46, 'Adiana Tosh', '374622579904607', 8);
insert into responsables (id, cedula, edad, nombre, telefono, operador) values (9, '06046006913094397', 52, 'Abby Kermitt', '5379357634828244', 9);
insert into responsables (id, cedula, edad, nombre, telefono, operador) values (10, '372301613600685', 48, 'Ivy Scripps', '4844192008869478', 10);
insert into responsables (id, cedula, edad, nombre, telefono, operador) values (11, '5602238620771433', 30, 'Jennifer Magarrell', '5610794683351646', 11);
insert into responsables (id, cedula, edad, nombre, telefono, operador) values (12, '3536322096287441', 41, 'Bar Pillans', '3540290895126678', 12);
insert into responsables (id, cedula, edad, nombre, telefono, operador) values (13, '5100178956223871', 65, 'Tomlin Kersley', '5100179546229147', 13);
insert into responsables (id, cedula, edad, nombre, telefono, operador) values (14, '6331105617574326', 75, 'Manolo Wickliffe', '5602247287133688', 14);
insert into responsables (id, cedula, edad, nombre, telefono, operador) values (15, '4405363547341441', 49, 'Algernon Cureton', '3572018250154949', 15);
insert into responsables (id, cedula, edad, nombre, telefono, operador) values (16, '5602239132875233', 78, 'Neale Hollows', '201409321951535', 16);
insert into responsables (id, cedula, edad, nombre, telefono, operador) values (17, '3577209499816662', 79, 'Berti McLauchlin', '493641996209996017', 17);
insert into responsables (id, cedula, edad, nombre, telefono, operador) values (18, '4508312938387691', 50, 'Darrin Balazin', '3534216050308965', 18);
insert into responsables (id, cedula, edad, nombre, telefono, operador) values (19, '3531283312899440', 72, 'Ardath Rowswell', '6371561614044732', 19);
insert into responsables (id, cedula, edad, nombre, telefono, operador) values (20, '5561949733643041', 26, 'Tommy Feak', '3539479994979672', 20);
insert into responsables (id, cedula, edad, nombre, telefono, operador) values (21, '5222408307716643', 44, 'Papagena Pitts', '201660947665863', 21);
insert into responsables (id, cedula, edad, nombre, telefono, operador) values (22, '3554747267159564', 47, 'Dolph Bertelet', '3574569532230061', 22);
insert into responsables (id, cedula, edad, nombre, telefono, operador) values (23, '36085920535712', 59, 'Kamillah Stive', '4026666823376298', 23);
insert into responsables (id, cedula, edad, nombre, telefono, operador) values (24, '3541788400870317', 76, 'Tiphany Dumingos', '30120455175588', 24);
insert into responsables (id, cedula, edad, nombre, telefono, operador) values (25, '340920377258213', 42, 'Andrew Sute', '5602253345026468', 25);
insert into responsables (id, cedula, edad, nombre, telefono, operador) values (26, '3569308005958826', 79, 'Timmi Brunner', '5602251888720414', 26);
insert into responsables (id, cedula, edad, nombre, telefono, operador) values (27, '3549600360749062', 86, 'Phyllida Nash', '374622217574721', 27);
insert into responsables (id, cedula, edad, nombre, telefono, operador) values (28, '3550677743015979', 47, 'Merilee Crowcher', '3586099049840158', 28);
insert into responsables (id, cedula, edad, nombre, telefono, operador) values (29, '5100133507528021', 81, 'Imogene Leipold', '3552305849682785', 29);
insert into responsables (id, cedula, edad, nombre, telefono, operador) values (30, '201781199928278', 90, 'Kat Leeb', '50383369175261008', 30);
insert into responsables (id, cedula, edad, nombre, telefono, operador) values (31, '5610623320735575888', 85, 'Giulietta Hurt', '36568777720198', 31);
insert into responsables (id, cedula, edad, nombre, telefono, operador) values (32, '67093987350811316', 58, 'Eddy Nesbit', '3573502181341880', 32);
insert into responsables (id, cedula, edad, nombre, telefono, operador) values (33, '6386598553640222', 37, 'Anastasia Buy', '5038236554331517', 33);
insert into responsables (id, cedula, edad, nombre, telefono, operador) values (34, '3587442434498704', 89, 'Masha Pregel', '3589025484752480', 34);
insert into responsables (id, cedula, edad, nombre, telefono, operador) values (35, '56109502022191784', 77, 'Morena Cranston', '3564044633891767', 35);
insert into responsables (id, cedula, edad, nombre, telefono, operador) values (36, '5602251232470542', 76, 'Slade Raikes', '6304756888093965006', 36);
insert into responsables (id, cedula, edad, nombre, telefono, operador) values (37, '3530441128401832', 88, 'Arther Ahrens', '633402743208448818', 37);
insert into responsables (id, cedula, edad, nombre, telefono, operador) values (38, '3560815061287006', 25, 'Rutherford O''Dowgaine', '3557553659136476', 38);
insert into responsables (id, cedula, edad, nombre, telefono, operador) values (39, '3589869229390407', 56, 'Samaria Menary', '6759620168300146271', 39);
insert into responsables (id, cedula, edad, nombre, telefono, operador) values (40, '67063827460863771', 64, 'Aldwin de Mendoza', '3581990693377114', 40);
insert into responsables (id, cedula, edad, nombre, telefono, operador) values (41, '3539632749675223', 47, 'Barrie Szymon', '3536573875320031', 41);
insert into responsables (id, cedula, edad, nombre, telefono, operador) values (42, '3583839411590763', 74, 'Wrennie Drought', '3559158012427956', 42);
insert into responsables (id, cedula, edad, nombre, telefono, operador) values (43, '5610827883052406', 27, 'Benedetto Butterley', '3537146198173731', 43);
insert into responsables (id, cedula, edad, nombre, telefono, operador) values (44, '3587981147069252', 90, 'Lulita Yesinin', '30435917705164', 44);
insert into responsables (id, cedula, edad, nombre, telefono, operador) values (45, '3555245097587632', 29, 'Nikkie Mahy', '4917597673069018', 45);
insert into responsables (id, cedula, edad, nombre, telefono, operador) values (46, '3578058489148548', 38, 'Prescott Brotheridge', '6334963806520020886', 46);
insert into responsables (id, cedula, edad, nombre, telefono, operador) values (47, '5401445370252893', 47, 'Gran Melan', '201792879083011', 47);
insert into responsables (id, cedula, edad, nombre, telefono, operador) values (48, '6398226860910700', 65, 'Felice Scholz', '5100178036668046', 48);
insert into responsables (id, cedula, edad, nombre, telefono, operador) values (49, '0604454101534914', 83, 'Albertine Lawson', '4844759350893775', 49);
insert into responsables (id, cedula, edad, nombre, telefono, operador) values (50, '5100143533702714', 51, 'Brendan Hawkswell', '3528712084112090', 50);

insert into hoteles (id, direccion, estrellas, rut, habDisponibles, habOcupadas) values (1, '95 Sloan Hill', null, '630418823154228543', 0, 0);
insert into hoteles (id, direccion, estrellas, rut, habDisponibles, habOcupadas) values (2, '68 Sugar Lane', 5, '201853026690635', 0, 0);
insert into hoteles (id, direccion, estrellas, rut, habDisponibles, habOcupadas) values (3, '49 American Point', null, '374288230214123', 0, 0);
insert into hoteles (id, direccion, estrellas, rut, habDisponibles, habOcupadas) values (4, '36 Talisman Parkway', 5, '3537161702641297', 0, 0);
insert into hoteles (id, direccion, estrellas, rut, habDisponibles, habOcupadas) values (5, '136 Heath Circle', 1, '4913297951549476', 0, 0);
insert into hoteles (id, direccion, estrellas, rut, habDisponibles, habOcupadas) values (6, '53931 Carpenter Drive', null, '3581274537741078', 0, 0);
insert into hoteles (id, direccion, estrellas, rut, habDisponibles, habOcupadas) values (7, '45564 Towne Place', 4, '3558360361572496', 0, 0);
insert into hoteles (id, direccion, estrellas, rut, habDisponibles, habOcupadas) values (8, '34 Messerschmidt Center', null, '3554494555457620', 0, 0);
insert into hoteles (id, direccion, estrellas, rut, habDisponibles, habOcupadas) values (9, '40724 Eliot Drive', null, '5237271129475589', 0, 0);
insert into hoteles (id, direccion, estrellas, rut, habDisponibles, habOcupadas) values (10, '2 Sauthoff Center', null, '4917982009443071', 0, 0);


insert into hostales (id, direccion, horacierre, horaapertura, rut, habDisponibles, habOcupadas) values (11, '0195 Westend Place', 13, 22, '3548807296782163', 0, 0);
insert into hostales (id, direccion, horacierre, horaapertura, rut, habDisponibles, habOcupadas) values (12, '73 Reindahl Hill', 3, 19, '3564570392161505', 0, 0);
insert into hostales (id, direccion, horacierre, horaapertura, rut, habDisponibles, habOcupadas) values (13, '1687 Kipling Way', 20, 7, '3559978888621790', 0, 0);
insert into hostales (id, direccion, horacierre, horaapertura, rut, habDisponibles, habOcupadas) values (14, '4227 Logan Alley', 5, 21, '630437282694785271', 0, 0);
insert into hostales (id, direccion, horacierre, horaapertura, rut, habDisponibles, habOcupadas) values (15, '6 Fordem Court', 11, 17, '3564443063912376', 0, 0);
insert into hostales (id, direccion, horacierre, horaapertura, rut, habDisponibles, habOcupadas) values (16, '4 Fordem Road', 20, 2, '201907922927465', 0, 0);
insert into hostales (id, direccion, horacierre, horaapertura, rut, habDisponibles, habOcupadas) values (17, '66484 Prairie Rose Terrace', 7, 22, '3589160900788915', 0, 0);
insert into hostales (id, direccion, horacierre, horaapertura, rut, habDisponibles, habOcupadas) values (18, '3 Reindahl Trail', 14, 12, '3578748010392280', 0, 0);
insert into hostales (id, direccion, horacierre, horaapertura, rut, habDisponibles, habOcupadas) values (19, '39 Autumn Leaf Drive', 12, 17, '5893181018278314', 0, 0);
insert into hostales (id, direccion, horacierre, horaapertura, rut, habDisponibles, habOcupadas) values (20, '6 Stephen Park', 11, 9, '201979210371847', 0, 0);
insert into hostales (id, direccion, horacierre, horaapertura, rut, habDisponibles, habOcupadas) values (21, '54069 Transport Alley', 5, 22, '3581263627549624', 0, 0);
insert into hostales (id, direccion, horacierre, horaapertura, rut, habDisponibles, habOcupadas) values (22, '28580 Sachtjen Point', 11, 21, '201571726707760', 0, 0);


insert into personasnats (id, cedula, edad) values (24, '201412361397619', 62);
insert into personasnats (id, cedula, edad) values (25, '5602249455444343', 88);
insert into personasnats (id, cedula, edad) values (26, '3587892530484638', 29);
insert into personasnats (id, cedula, edad) values (27, '337941192622339', 35);
insert into personasnats (id, cedula, edad) values (28, '3559270541751390', 62);
insert into personasnats (id, cedula, edad) values (29, '4905440088693903642', 29);
insert into personasnats (id, cedula, edad) values (30, '5602212409764646', 71);
insert into personasnats (id, cedula, edad) values (31, '3539031277717442', 40);
insert into personasnats (id, cedula, edad) values (32, '374673878732991', 64);
insert into personasnats (id, cedula, edad) values (33, '5602252553490293751', 85);
insert into personasnats (id, cedula, edad) values (34, '6334334240564081517', 74);
insert into personasnats (id, cedula, edad) values (35, '589352023640331334', 45);
insert into personasnats (id, cedula, edad) values (36, '3582592641754672', 67);
insert into personasnats (id, cedula, edad) values (37, '3545368332673885', 28);
insert into personasnats (id, cedula, edad) values (38, '3572920422743592', 73);


insert into personascom (id, cedula, edad) values (39, '201642216484978', 25);
insert into personascom (id, cedula, edad) values (40, '3574087435111874', 88);
insert into personascom (id, cedula, edad) values (41, '5038531683525155004', 25);
insert into personascom (id, cedula, edad) values (42, '5100173981086575', 39);
insert into personascom (id, cedula, edad) values (43, '3572910138256948', 64);
insert into personascom (id, cedula, edad) values (44, '4026989211597055', 42);
insert into personascom (id, cedula, edad) values (45, '4017951103266', 46);
insert into personascom (id, cedula, edad) values (46, '4917693133125332', 25);
insert into personascom (id, cedula, edad) values (47, '3536032611117250', 41);
insert into personascom (id, cedula, edad) values (48, '4844111454198596', 39);
insert into personascom (id, cedula, edad) values (49, '5108753634427532', 64);
insert into personascom (id, cedula, edad) values (50, '3567884369955717', 58);


insert into viviendasunivs (id, direccion, rut, habDisponibles, habOcupadas) values (23, 'Calle falsa 123','630418823154228543', 0, 0);

insert into alojamientos (id, capacidad, tamanho, tipo) values (1, 1, 49, 'habhot');
insert into alojamientos (id, capacidad, tamanho, tipo) values (2, 10, 61, 'habhot');
insert into alojamientos (id, capacidad, tamanho, tipo) values (3, 9, 37, 'habhot');
insert into alojamientos (id, capacidad, tamanho, tipo) values (4, 2, 32, 'habhot');
insert into alojamientos (id, capacidad, tamanho, tipo) values (5, 1, 21, 'habhot');
insert into alojamientos (id, capacidad, tamanho, tipo) values (6, 5, 30, 'habhot');
insert into alojamientos (id, capacidad, tamanho, tipo) values (7, 1, 18, 'habhot');
insert into alojamientos (id, capacidad, tamanho, tipo) values (8, 4, 74, 'habhot');
insert into alojamientos (id, capacidad, tamanho, tipo) values (9, 3, 73, 'habhot');
insert into alojamientos (id, capacidad, tamanho, tipo) values (10, 3, 32, 'habhot');
insert into alojamientos (id, capacidad, tamanho, tipo) values (11, 1, 63, 'habhot');
insert into alojamientos (id, capacidad, tamanho, tipo) values (12, 3, 62, 'habhot');
insert into alojamientos (id, capacidad, tamanho, tipo) values (13, 6, 30, 'habhot');
insert into alojamientos (id, capacidad, tamanho, tipo) values (14, 7, 61, 'habhot');
insert into alojamientos (id, capacidad, tamanho, tipo) values (15, 10, 41, 'habhot');
insert into alojamientos (id, capacidad, tamanho, tipo) values (16, 3, 78, 'habhot');
insert into alojamientos (id, capacidad, tamanho, tipo) values (17, 3, 33, 'habhot');
insert into alojamientos (id, capacidad, tamanho, tipo) values (18, 3, 50, 'habhot');
insert into alojamientos (id, capacidad, tamanho, tipo) values (19, 10, 35, 'habhot');
insert into alojamientos (id, capacidad, tamanho, tipo) values (20, 10, 25, 'habhot');
insert into alojamientos (id, capacidad, tamanho, tipo) values (21, 10, 59, 'habhot');
insert into alojamientos (id, capacidad, tamanho, tipo) values (22, 6, 67, 'habhot');
insert into alojamientos (id, capacidad, tamanho, tipo) values (23, 7, 31, 'habhot');
insert into alojamientos (id, capacidad, tamanho, tipo) values (24, 7, 50, 'habhot');
insert into alojamientos (id, capacidad, tamanho, tipo) values (25, 2, 63, 'habhot');
insert into alojamientos (id, capacidad, tamanho, tipo) values (26, 7, 37, 'habhot');
insert into alojamientos (id, capacidad, tamanho, tipo) values (27, 6, 20, 'habhot');
insert into alojamientos (id, capacidad, tamanho, tipo) values (28, 6, 58, 'habhot');
insert into alojamientos (id, capacidad, tamanho, tipo) values (29, 4, 28, 'habhot');
insert into alojamientos (id, capacidad, tamanho, tipo) values (30, 4, 47, 'habhot');
insert into alojamientos (id, capacidad, tamanho, tipo) values (31, 8, 55, 'habhot');
insert into alojamientos (id, capacidad, tamanho, tipo) values (32, 5, 12, 'habhot');
insert into alojamientos (id, capacidad, tamanho, tipo) values (33, 10, 21, 'habhot');
insert into alojamientos (id, capacidad, tamanho, tipo) values (34, 3, 22, 'habhot');
insert into alojamientos (id, capacidad, tamanho, tipo) values (35, 4, 62, 'habhot');
insert into alojamientos (id, capacidad, tamanho, tipo) values (36, 6, 61, 'habhot');
insert into alojamientos (id, capacidad, tamanho, tipo) values (37, 1, 66, 'habhot');
insert into alojamientos (id, capacidad, tamanho, tipo) values (38, 2, 46, 'habhot');
insert into alojamientos (id, capacidad, tamanho, tipo) values (39, 4, 45, 'habhot');
insert into alojamientos (id, capacidad, tamanho, tipo) values (40, 4, 43, 'habhot');
insert into alojamientos (id, capacidad, tamanho, tipo) values (41, 5, 59, 'habhot');
insert into alojamientos (id, capacidad, tamanho, tipo) values (42, 2, 56, 'habhot');
insert into alojamientos (id, capacidad, tamanho, tipo) values (43, 8, 38, 'habhot');
insert into alojamientos (id, capacidad, tamanho, tipo) values (44, 2, 35, 'habhot');
insert into alojamientos (id, capacidad, tamanho, tipo) values (45, 3, 15, 'habhot');
insert into alojamientos (id, capacidad, tamanho, tipo) values (46, 5, 71, 'habhot');
insert into alojamientos (id, capacidad, tamanho, tipo) values (47, 2, 30, 'habhot');
insert into alojamientos (id, capacidad, tamanho, tipo) values (48, 4, 25, 'habhot');
insert into alojamientos (id, capacidad, tamanho, tipo) values (49, 8, 21, 'habhot');
insert into alojamientos (id, capacidad, tamanho, tipo) values (50, 8, 73, 'habhot');
insert into alojamientos (id, capacidad, tamanho, tipo) values (51, 1, 46, 'habhot');
insert into alojamientos (id, capacidad, tamanho, tipo) values (52, 4, 62, 'habhot');
insert into alojamientos (id, capacidad, tamanho, tipo) values (53, 10, 13, 'habhot');
insert into alojamientos (id, capacidad, tamanho, tipo) values (54, 9, 46, 'habhot');
insert into alojamientos (id, capacidad, tamanho, tipo) values (55, 3, 49, 'habhot');
insert into alojamientos (id, capacidad, tamanho, tipo) values (56, 10, 70, 'habhot');
insert into alojamientos (id, capacidad, tamanho, tipo) values (57, 8, 52, 'habhot');
insert into alojamientos (id, capacidad, tamanho, tipo) values (58, 6, 17, 'habhot');
insert into alojamientos (id, capacidad, tamanho, tipo) values (59, 2, 64, 'habhot');
insert into alojamientos (id, capacidad, tamanho, tipo) values (60, 9, 69, 'habhot');
insert into alojamientos (id, capacidad, tamanho, tipo) values (61, 10, 75, 'habhot');
insert into alojamientos (id, capacidad, tamanho, tipo) values (62, 7, 20, 'habhot');
insert into alojamientos (id, capacidad, tamanho, tipo) values (63, 7, 68, 'habhot');
insert into alojamientos (id, capacidad, tamanho, tipo) values (64, 7, 34, 'habhot');
insert into alojamientos (id, capacidad, tamanho, tipo) values (65, 6, 19, 'habhot');
insert into alojamientos (id, capacidad, tamanho, tipo) values (66, 9, 18, 'habhot');
insert into alojamientos (id, capacidad, tamanho, tipo) values (67, 10, 36, 'habhot');
insert into alojamientos (id, capacidad, tamanho, tipo) values (68, 6, 15, 'habhot');
insert into alojamientos (id, capacidad, tamanho, tipo) values (69, 5, 14, 'habhot');
insert into alojamientos (id, capacidad, tamanho, tipo) values (70, 6, 49, 'habhot');
insert into alojamientos (id, capacidad, tamanho, tipo) values (71, 7, 37, 'habhot');
insert into alojamientos (id, capacidad, tamanho, tipo) values (72, 4, 41, 'habhot');
insert into alojamientos (id, capacidad, tamanho, tipo) values (73, 3, 43, 'habhot');
insert into alojamientos (id, capacidad, tamanho, tipo) values (74, 4, 61, 'habhot');
insert into alojamientos (id, capacidad, tamanho, tipo) values (75, 7, 73, 'habhot');
insert into alojamientos (id, capacidad, tamanho, tipo) values (76, 1, 70, 'habhot');
insert into alojamientos (id, capacidad, tamanho, tipo) values (77, 3, 28, 'habhot');
insert into alojamientos (id, capacidad, tamanho, tipo) values (78, 6, 74, 'habhot');
insert into alojamientos (id, capacidad, tamanho, tipo) values (79, 2, 47, 'habhot');
insert into alojamientos (id, capacidad, tamanho, tipo) values (80, 5, 69, 'habhot');
insert into alojamientos (id, capacidad, tamanho, tipo) values (81, 8, 67, 'habhot');
insert into alojamientos (id, capacidad, tamanho, tipo) values (82, 9, 66, 'habhot');
insert into alojamientos (id, capacidad, tamanho, tipo) values (83, 5, 40, 'habhot');
insert into alojamientos (id, capacidad, tamanho, tipo) values (84, 9, 73, 'habhot');
insert into alojamientos (id, capacidad, tamanho, tipo) values (85, 6, 80, 'habhot');
insert into alojamientos (id, capacidad, tamanho, tipo) values (86, 10, 15, 'habhot');
insert into alojamientos (id, capacidad, tamanho, tipo) values (87, 10, 15, 'habhot');
insert into alojamientos (id, capacidad, tamanho, tipo) values (88, 8, 46, 'habhot');
insert into alojamientos (id, capacidad, tamanho, tipo) values (89, 5, 38, 'habhot');
insert into alojamientos (id, capacidad, tamanho, tipo) values (90, 2, 37, 'habhot');
insert into alojamientos (id, capacidad, tamanho, tipo) values (91, 9, 32, 'habhot');
insert into alojamientos (id, capacidad, tamanho, tipo) values (92, 10, 15, 'habhot');
insert into alojamientos (id, capacidad, tamanho, tipo) values (93, 6, 42, 'habhot');
insert into alojamientos (id, capacidad, tamanho, tipo) values (94, 2, 41, 'habhot');
insert into alojamientos (id, capacidad, tamanho, tipo) values (95, 4, 28, 'habhot');
insert into alojamientos (id, capacidad, tamanho, tipo) values (96, 3, 24, 'habhot');
insert into alojamientos (id, capacidad, tamanho, tipo) values (97, 7, 77, 'habhot');
insert into alojamientos (id, capacidad, tamanho, tipo) values (98, 5, 32, 'habhot');
insert into alojamientos (id, capacidad, tamanho, tipo) values (99, 6, 37, 'habhot');
insert into alojamientos (id, capacidad, tamanho, tipo) values (100, 2, 75, 'habhot');
insert into alojamientos (id, capacidad, tamanho, tipo) values (101, 1, 52, 'habita');
insert into alojamientos (id, capacidad, tamanho, tipo) values (102, 2, 74, 'habita');
insert into alojamientos (id, capacidad, tamanho, tipo) values (103, 9, 45, 'habita');
insert into alojamientos (id, capacidad, tamanho, tipo) values (104, 5, 25, 'habita');
insert into alojamientos (id, capacidad, tamanho, tipo) values (105, 7, 20, 'habita');
insert into alojamientos (id, capacidad, tamanho, tipo) values (106, 10, 71, 'habita');
insert into alojamientos (id, capacidad, tamanho, tipo) values (107, 8, 80, 'habita');
insert into alojamientos (id, capacidad, tamanho, tipo) values (108, 4, 53, 'habita');
insert into alojamientos (id, capacidad, tamanho, tipo) values (109, 10, 76, 'habita');
insert into alojamientos (id, capacidad, tamanho, tipo) values (110, 6, 29, 'habita');
insert into alojamientos (id, capacidad, tamanho, tipo) values (111, 2, 30, 'habita');
insert into alojamientos (id, capacidad, tamanho, tipo) values (112, 4, 32, 'habita');
insert into alojamientos (id, capacidad, tamanho, tipo) values (113, 1, 31, 'habita');
insert into alojamientos (id, capacidad, tamanho, tipo) values (114, 4, 10, 'habita');
insert into alojamientos (id, capacidad, tamanho, tipo) values (115, 3, 61, 'habita');
insert into alojamientos (id, capacidad, tamanho, tipo) values (116, 1, 29, 'habita');
insert into alojamientos (id, capacidad, tamanho, tipo) values (117, 5, 79, 'habita');
insert into alojamientos (id, capacidad, tamanho, tipo) values (118, 10, 50, 'habita');
insert into alojamientos (id, capacidad, tamanho, tipo) values (119, 5, 11, 'habita');
insert into alojamientos (id, capacidad, tamanho, tipo) values (120, 7, 60, 'habita');
insert into alojamientos (id, capacidad, tamanho, tipo) values (121, 4, 72, 'habita');
insert into alojamientos (id, capacidad, tamanho, tipo) values (122, 10, 74, 'habita');
insert into alojamientos (id, capacidad, tamanho, tipo) values (123, 1, 70, 'habita');
insert into alojamientos (id, capacidad, tamanho, tipo) values (124, 5, 35, 'habita');
insert into alojamientos (id, capacidad, tamanho, tipo) values (125, 3, 18, 'habita');
insert into alojamientos (id, capacidad, tamanho, tipo) values (126, 2, 34, 'habita');
insert into alojamientos (id, capacidad, tamanho, tipo) values (127, 10, 18, 'habita');
insert into alojamientos (id, capacidad, tamanho, tipo) values (128, 2, 50, 'habita');
insert into alojamientos (id, capacidad, tamanho, tipo) values (129, 3, 65, 'habita');
insert into alojamientos (id, capacidad, tamanho, tipo) values (130, 3, 21, 'habita');
insert into alojamientos (id, capacidad, tamanho, tipo) values (131, 2, 73, 'habita');
insert into alojamientos (id, capacidad, tamanho, tipo) values (132, 4, 18, 'habita');
insert into alojamientos (id, capacidad, tamanho, tipo) values (133, 2, 30, 'habita');
insert into alojamientos (id, capacidad, tamanho, tipo) values (134, 7, 68, 'habita');
insert into alojamientos (id, capacidad, tamanho, tipo) values (135, 2, 13, 'habita');
insert into alojamientos (id, capacidad, tamanho, tipo) values (136, 8, 43, 'habita');
insert into alojamientos (id, capacidad, tamanho, tipo) values (137, 5, 45, 'habita');
insert into alojamientos (id, capacidad, tamanho, tipo) values (138, 5, 80, 'habita');
insert into alojamientos (id, capacidad, tamanho, tipo) values (139, 4, 68, 'habita');
insert into alojamientos (id, capacidad, tamanho, tipo) values (140, 7, 11, 'habita');
insert into alojamientos (id, capacidad, tamanho, tipo) values (141, 1, 76, 'habita');
insert into alojamientos (id, capacidad, tamanho, tipo) values (142, 1, 22, 'habita');
insert into alojamientos (id, capacidad, tamanho, tipo) values (143, 2, 19, 'habita');
insert into alojamientos (id, capacidad, tamanho, tipo) values (144, 6, 13, 'habita');
insert into alojamientos (id, capacidad, tamanho, tipo) values (145, 1, 45, 'habita');
insert into alojamientos (id, capacidad, tamanho, tipo) values (146, 3, 42, 'habita');
insert into alojamientos (id, capacidad, tamanho, tipo) values (147, 5, 28, 'habita');
insert into alojamientos (id, capacidad, tamanho, tipo) values (148, 2, 33, 'habita');
insert into alojamientos (id, capacidad, tamanho, tipo) values (149, 8, 13, 'habita');
insert into alojamientos (id, capacidad, tamanho, tipo) values (150, 9, 63, 'habita');
insert into alojamientos (id, capacidad, tamanho, tipo) values (151, 9, 51, 'habuni');
insert into alojamientos (id, capacidad, tamanho, tipo) values (152, 4, 21, 'habuni');
insert into alojamientos (id, capacidad, tamanho, tipo) values (153, 4, 15, 'habuni');
insert into alojamientos (id, capacidad, tamanho, tipo) values (154, 2, 66, 'habuni');
insert into alojamientos (id, capacidad, tamanho, tipo) values (155, 8, 24, 'habuni');
insert into alojamientos (id, capacidad, tamanho, tipo) values (156, 6, 34, 'habuni');
insert into alojamientos (id, capacidad, tamanho, tipo) values (157, 5, 14, 'habuni');
insert into alojamientos (id, capacidad, tamanho, tipo) values (158, 9, 27, 'habuni');
insert into alojamientos (id, capacidad, tamanho, tipo) values (159, 3, 22, 'habuni');
insert into alojamientos (id, capacidad, tamanho, tipo) values (160, 2, 70, 'habuni');
insert into alojamientos (id, capacidad, tamanho, tipo) values (161, 7, 42, 'habuni');
insert into alojamientos (id, capacidad, tamanho, tipo) values (162, 3, 62, 'habuni');
insert into alojamientos (id, capacidad, tamanho, tipo) values (163, 6, 57, 'habuni');
insert into alojamientos (id, capacidad, tamanho, tipo) values (164, 7, 23, 'habuni');
insert into alojamientos (id, capacidad, tamanho, tipo) values (165, 5, 51, 'habuni');
insert into alojamientos (id, capacidad, tamanho, tipo) values (166, 4, 76, 'habuni');
insert into alojamientos (id, capacidad, tamanho, tipo) values (167, 8, 25, 'habuni');
insert into alojamientos (id, capacidad, tamanho, tipo) values (168, 1, 58, 'habuni');
insert into alojamientos (id, capacidad, tamanho, tipo) values (169, 6, 13, 'habuni');
insert into alojamientos (id, capacidad, tamanho, tipo) values (170, 2, 53, 'habuni');
insert into alojamientos (id, capacidad, tamanho, tipo) values (171, 8, 28, 'habuni');
insert into alojamientos (id, capacidad, tamanho, tipo) values (172, 8, 55, 'habuni');
insert into alojamientos (id, capacidad, tamanho, tipo) values (173, 6, 79, 'habuni');
insert into alojamientos (id, capacidad, tamanho, tipo) values (174, 10, 35, 'habuni');
insert into alojamientos (id, capacidad, tamanho, tipo) values (175, 8, 14, 'habuni');
insert into alojamientos (id, capacidad, tamanho, tipo) values (176, 8, 15, 'aparta');
insert into alojamientos (id, capacidad, tamanho, tipo) values (177, 4, 66, 'aparta');
insert into alojamientos (id, capacidad, tamanho, tipo) values (178, 1, 38, 'aparta');
insert into alojamientos (id, capacidad, tamanho, tipo) values (179, 6, 39, 'aparta');
insert into alojamientos (id, capacidad, tamanho, tipo) values (180, 1, 63, 'aparta');
insert into alojamientos (id, capacidad, tamanho, tipo) values (181, 1, 28, 'aparta');
insert into alojamientos (id, capacidad, tamanho, tipo) values (182, 10, 19, 'aparta');
insert into alojamientos (id, capacidad, tamanho, tipo) values (183, 8, 38, 'aparta');
insert into alojamientos (id, capacidad, tamanho, tipo) values (184, 5, 63, 'aparta');
insert into alojamientos (id, capacidad, tamanho, tipo) values (185, 3, 44, 'aparta');
insert into alojamientos (id, capacidad, tamanho, tipo) values (186, 2, 18, 'aparta');
insert into alojamientos (id, capacidad, tamanho, tipo) values (187, 7, 71, 'aparta');
insert into alojamientos (id, capacidad, tamanho, tipo) values (188, 10, 13, 'aparta');
insert into alojamientos (id, capacidad, tamanho, tipo) values (189, 7, 46, 'aparta');
insert into alojamientos (id, capacidad, tamanho, tipo) values (190, 5, 74, 'aparta');
insert into alojamientos (id, capacidad, tamanho, tipo) values (191, 9, 58, 'vivcom');
insert into alojamientos (id, capacidad, tamanho, tipo) values (192, 9, 57, 'vivcom');
insert into alojamientos (id, capacidad, tamanho, tipo) values (193, 5, 42, 'vivcom');
insert into alojamientos (id, capacidad, tamanho, tipo) values (194, 4, 15, 'vivcom');
insert into alojamientos (id, capacidad, tamanho, tipo) values (195, 3, 27, 'vivcom');
insert into alojamientos (id, capacidad, tamanho, tipo) values (196, 7, 14, 'vivcom');
insert into alojamientos (id, capacidad, tamanho, tipo) values (197, 1, 46, 'vivcom');
insert into alojamientos (id, capacidad, tamanho, tipo) values (198, 7, 40, 'vivcom');
insert into alojamientos (id, capacidad, tamanho, tipo) values (199, 8, 66, 'vivcom');
insert into alojamientos (id, capacidad, tamanho, tipo) values (200, 5, 16, 'vivcom');

insert into habshotel (id, categoria, ubicacion, numero, hotel) values (1, 'suite', '1 Hooker Junction', 143, 1);
insert into habshotel (id, categoria, ubicacion, numero, hotel) values (2, 'suite', '2 Kenwood Trail', 936, 2);
insert into habshotel (id, categoria, ubicacion, numero, hotel) values (3, 'estandar', '519 Waubesa Way', 1116, 3);
insert into habshotel (id, categoria, ubicacion, numero, hotel) values (4, 'suite', '914 Vahlen Avenue', 766, 4);
insert into habshotel (id, categoria, ubicacion, numero, hotel) values (5, 'estandar', '1489 Red Cloud Drive', 1677, 5);
insert into habshotel (id, categoria, ubicacion, numero, hotel) values (6, 'suite', '274 Mayfield Road', 140, 6);
insert into habshotel (id, categoria, ubicacion, numero, hotel) values (7, 'semisuite', '018 Jay Lane', 710, 7);
insert into habshotel (id, categoria, ubicacion, numero, hotel) values (8, 'suite', '0356 Norway Maple Pass', 978, 8);
insert into habshotel (id, categoria, ubicacion, numero, hotel) values (9, 'semisuite', '0 Menomonie Hill', 160, 9);
insert into habshotel (id, categoria, ubicacion, numero, hotel) values (10, 'suite', '65519 Killdeer Center', 916, 10);
insert into habshotel (id, categoria, ubicacion, numero, hotel) values (11, 'estandar', '38 Wayridge Trail', 1066, 1);
insert into habshotel (id, categoria, ubicacion, numero, hotel) values (12, 'suite', '018 Waubesa Way', 1346, 2);
insert into habshotel (id, categoria, ubicacion, numero, hotel) values (13, 'semisuite', '762 Grayhawk Hill', 537, 3);
insert into habshotel (id, categoria, ubicacion, numero, hotel) values (14, 'estandar', '18494 New Castle Court', 1724, 4);
insert into habshotel (id, categoria, ubicacion, numero, hotel) values (15, 'suite', '90 John Wall Court', 1213, 5);
insert into habshotel (id, categoria, ubicacion, numero, hotel) values (16, 'suite', '2645 Stephen Court', 753, 6);
insert into habshotel (id, categoria, ubicacion, numero, hotel) values (17, 'semisuite', '9078 Harbort Terrace', 1129, 7);
insert into habshotel (id, categoria, ubicacion, numero, hotel) values (18, 'estandar', '42263 Kipling Parkway', 1498, 8);
insert into habshotel (id, categoria, ubicacion, numero, hotel) values (19, 'suite', '50512 8th Court', 529, 9);
insert into habshotel (id, categoria, ubicacion, numero, hotel) values (20, 'semisuite', '84311 Randy Plaza', 585, 10);
insert into habshotel (id, categoria, ubicacion, numero, hotel) values (21, 'suite', '3907 Crest Line Lane', 828, 1);
insert into habshotel (id, categoria, ubicacion, numero, hotel) values (22, 'estandar', '240 Cambridge Point', 652, 2);
insert into habshotel (id, categoria, ubicacion, numero, hotel) values (23, 'suite', '9 Butternut Park', 1361, 3);
insert into habshotel (id, categoria, ubicacion, numero, hotel) values (24, 'estandar', '13853 Scoville Park', 1286, 4);
insert into habshotel (id, categoria, ubicacion, numero, hotel) values (25, 'suite', '755 Norway Maple Center', 1458, 5);
insert into habshotel (id, categoria, ubicacion, numero, hotel) values (26, 'semisuite', '142 Stephen Lane', 1165, 6);
insert into habshotel (id, categoria, ubicacion, numero, hotel) values (27, 'estandar', '2573 Charing Cross Junction', 1640, 7);
insert into habshotel (id, categoria, ubicacion, numero, hotel) values (28, 'semisuite', '3 Boyd Road', 1793, 8);
insert into habshotel (id, categoria, ubicacion, numero, hotel) values (29, 'estandar', '25 Logan Drive', 1428, 9);
insert into habshotel (id, categoria, ubicacion, numero, hotel) values (30, 'suite', '5445 Tennyson Road', 1483, 10);
insert into habshotel (id, categoria, ubicacion, numero, hotel) values (31, 'suite', '02084 Anzinger Avenue', 1850, 1);
insert into habshotel (id, categoria, ubicacion, numero, hotel) values (32, 'estandar', '72 Talisman Way', 633, 2);
insert into habshotel (id, categoria, ubicacion, numero, hotel) values (33, 'estandar', '970 Buhler Alley', 1801, 3);
insert into habshotel (id, categoria, ubicacion, numero, hotel) values (34, 'estandar', '8160 Moulton Street', 850, 4);
insert into habshotel (id, categoria, ubicacion, numero, hotel) values (35, 'estandar', '56932 Waubesa Point', 465, 5);
insert into habshotel (id, categoria, ubicacion, numero, hotel) values (36, 'suite', '99131 Vidon Circle', 1773, 6);
insert into habshotel (id, categoria, ubicacion, numero, hotel) values (37, 'suite', '3 Brown Court', 1091, 7);
insert into habshotel (id, categoria, ubicacion, numero, hotel) values (38, 'estandar', '2960 Hintze Park', 606, 8);
insert into habshotel (id, categoria, ubicacion, numero, hotel) values (39, 'semisuite', '59 Garrison Circle', 545, 9);
insert into habshotel (id, categoria, ubicacion, numero, hotel) values (40, 'semisuite', '6 Anniversary Terrace', 1287, 10);
insert into habshotel (id, categoria, ubicacion, numero, hotel) values (41, 'semisuite', '05 Di Loreto Place', 1239, 1);
insert into habshotel (id, categoria, ubicacion, numero, hotel) values (42, 'suite', '20803 Katie Pass', 1057, 2);
insert into habshotel (id, categoria, ubicacion, numero, hotel) values (43, 'semisuite', '13 North Plaza', 1830, 3);
insert into habshotel (id, categoria, ubicacion, numero, hotel) values (44, 'semisuite', '4 Barby Circle', 1482, 4);
insert into habshotel (id, categoria, ubicacion, numero, hotel) values (45, 'semisuite', '82789 American Plaza', 392, 5);
insert into habshotel (id, categoria, ubicacion, numero, hotel) values (46, 'semisuite', '685 Nobel Circle', 520, 6);
insert into habshotel (id, categoria, ubicacion, numero, hotel) values (47, 'estandar', '5867 Hintze Park', 929, 7);
insert into habshotel (id, categoria, ubicacion, numero, hotel) values (48, 'estandar', '65996 Shopko Park', 663, 8);
insert into habshotel (id, categoria, ubicacion, numero, hotel) values (49, 'semisuite', '4 Parkside Trail', 1376, 9);
insert into habshotel (id, categoria, ubicacion, numero, hotel) values (50, 'estandar', '693 Chive Road', 1451, 10);
insert into habshotel (id, categoria, ubicacion, numero, hotel) values (51, 'semisuite', '26884 Tony Circle', 1482, 1);
insert into habshotel (id, categoria, ubicacion, numero, hotel) values (52, 'estandar', '6884 Ludington Parkway', 438, 2);
insert into habshotel (id, categoria, ubicacion, numero, hotel) values (53, 'semisuite', '75 Florence Circle', 1390, 3);
insert into habshotel (id, categoria, ubicacion, numero, hotel) values (54, 'estandar', '212 Spenser Court', 525, 4);
insert into habshotel (id, categoria, ubicacion, numero, hotel) values (55, 'suite', '06 Waubesa Place', 1221, 5);
insert into habshotel (id, categoria, ubicacion, numero, hotel) values (56, 'suite', '29 Hollow Ridge Avenue', 1265, 6);
insert into habshotel (id, categoria, ubicacion, numero, hotel) values (57, 'suite', '4 Moland Park', 897, 7);
insert into habshotel (id, categoria, ubicacion, numero, hotel) values (58, 'estandar', '4057 Sage Trail', 1244, 8);
insert into habshotel (id, categoria, ubicacion, numero, hotel) values (59, 'semisuite', '4633 Victoria Street', 1934, 9);
insert into habshotel (id, categoria, ubicacion, numero, hotel) values (60, 'semisuite', '7 Bayside Trail', 912, 10);
insert into habshotel (id, categoria, ubicacion, numero, hotel) values (61, 'estandar', '2 Namekagon Hill', 1876, 1);
insert into habshotel (id, categoria, ubicacion, numero, hotel) values (62, 'estandar', '78 Arrowood Crossing', 1654, 2);
insert into habshotel (id, categoria, ubicacion, numero, hotel) values (63, 'estandar', '253 Prentice Drive', 170, 3);
insert into habshotel (id, categoria, ubicacion, numero, hotel) values (64, 'semisuite', '625 Corscot Drive', 1256, 4);
insert into habshotel (id, categoria, ubicacion, numero, hotel) values (65, 'estandar', '6 Washington Hill', 1432, 5);
insert into habshotel (id, categoria, ubicacion, numero, hotel) values (66, 'suite', '6680 Pierstorff Alley', 1754, 6);
insert into habshotel (id, categoria, ubicacion, numero, hotel) values (67, 'suite', '1 Scofield Road', 318, 7);
insert into habshotel (id, categoria, ubicacion, numero, hotel) values (68, 'suite', '9737 Fordem Place', 1912, 8);
insert into habshotel (id, categoria, ubicacion, numero, hotel) values (69, 'semisuite', '5179 Mandrake Parkway', 101, 9);
insert into habshotel (id, categoria, ubicacion, numero, hotel) values (70, 'estandar', '50 Bluestem Crossing', 109, 10);
insert into habshotel (id, categoria, ubicacion, numero, hotel) values (71, 'estandar', '261 American Ash Hill', 729, 1);
insert into habshotel (id, categoria, ubicacion, numero, hotel) values (72, 'suite', '79892 Bellgrove Drive', 1272, 2);
insert into habshotel (id, categoria, ubicacion, numero, hotel) values (73, 'estandar', '22043 Clarendon Place', 466, 3);
insert into habshotel (id, categoria, ubicacion, numero, hotel) values (74, 'semisuite', '294 Maple Alley', 1699, 4);
insert into habshotel (id, categoria, ubicacion, numero, hotel) values (75, 'estandar', '27 Prairieview Crossing', 1273, 5);
insert into habshotel (id, categoria, ubicacion, numero, hotel) values (76, 'estandar', '956 Meadow Valley Circle', 1017, 6);
insert into habshotel (id, categoria, ubicacion, numero, hotel) values (77, 'semisuite', '758 Division Drive', 608, 7);
insert into habshotel (id, categoria, ubicacion, numero, hotel) values (78, 'estandar', '69 Judy Court', 1876, 8);
insert into habshotel (id, categoria, ubicacion, numero, hotel) values (79, 'estandar', '39 Fulton Terrace', 1244, 9);
insert into habshotel (id, categoria, ubicacion, numero, hotel) values (80, 'semisuite', '20973 Rigney Street', 1185, 10);
insert into habshotel (id, categoria, ubicacion, numero, hotel) values (81, 'estandar', '654 Spenser Road', 631, 1);
insert into habshotel (id, categoria, ubicacion, numero, hotel) values (82, 'suite', '374 Transport Place', 571, 2);
insert into habshotel (id, categoria, ubicacion, numero, hotel) values (83, 'estandar', '405 Lien Park', 202, 3);
insert into habshotel (id, categoria, ubicacion, numero, hotel) values (84, 'suite', '4 Cottonwood Lane', 1427, 4);
insert into habshotel (id, categoria, ubicacion, numero, hotel) values (85, 'suite', '77604 New Castle Pass', 236, 5);
insert into habshotel (id, categoria, ubicacion, numero, hotel) values (86, 'semisuite', '33970 Florence Street', 1837, 6);
insert into habshotel (id, categoria, ubicacion, numero, hotel) values (87, 'suite', '07 Fairview Court', 996, 7);
insert into habshotel (id, categoria, ubicacion, numero, hotel) values (88, 'estandar', '5968 Hallows Pass', 1235, 8);
insert into habshotel (id, categoria, ubicacion, numero, hotel) values (89, 'suite', '013 Canary Drive', 964, 9);
insert into habshotel (id, categoria, ubicacion, numero, hotel) values (90, 'semisuite', '2925 Superior Junction', 567, 10);
insert into habshotel (id, categoria, ubicacion, numero, hotel) values (91, 'semisuite', '58275 Mockingbird Trail', 1552, 1);
insert into habshotel (id, categoria, ubicacion, numero, hotel) values (92, 'suite', '45699 Amoth Alley', 554, 2);
insert into habshotel (id, categoria, ubicacion, numero, hotel) values (93, 'estandar', '295 Schiller Avenue', 1461, 3);
insert into habshotel (id, categoria, ubicacion, numero, hotel) values (94, 'semisuite', '119 Sunbrook Parkway', 599, 4);
insert into habshotel (id, categoria, ubicacion, numero, hotel) values (95, 'estandar', '68872 Bartelt Alley', 1429, 5);
insert into habshotel (id, categoria, ubicacion, numero, hotel) values (96, 'semisuite', '88 Anderson Place', 748, 6);
insert into habshotel (id, categoria, ubicacion, numero, hotel) values (97, 'suite', '836 Hoffman Terrace', 1875, 7);
insert into habshotel (id, categoria, ubicacion, numero, hotel) values (98, 'estandar', '92992 Monterey Trail', 1365, 8);
insert into habshotel (id, categoria, ubicacion, numero, hotel) values (99, 'suite', '935 Birchwood Pass', 1468, 9);
insert into habshotel (id, categoria, ubicacion, numero, hotel) values (100, 'semisuite', '5985 Butternut Trail', 131, 10);

insert into apartamentos (id, direccion, menaje, amoblado, numhabitaciones, personacom ) values (176, '33 Longview Hill', 1, 1, 1, 50);
insert into apartamentos (id, direccion, menaje, amoblado, numhabitaciones, personacom ) values (177, '4 Stephen Hill', 1, 1, 3, 40);
insert into apartamentos (id, direccion, menaje, amoblado, numhabitaciones, personacom ) values (178, '847 Kropf Crossing', 1, 1, 4, 40);
insert into apartamentos (id, direccion, menaje, amoblado, numhabitaciones, personacom ) values (179, '0763 Dakota Circle', 1, 0, 2, 43);
insert into apartamentos (id, direccion, menaje, amoblado, numhabitaciones, personacom ) values (180, '36 Westerfield Lane', 0, 0, 1, 49);
insert into apartamentos (id, direccion, menaje, amoblado, numhabitaciones, personacom ) values (181, '601 6th Terrace', 0, 0, 3, 46);
insert into apartamentos (id, direccion, menaje, amoblado, numhabitaciones, personacom ) values (182, '28 Golf Course Street', 1, 1, 2, 41);
insert into apartamentos (id, direccion, menaje, amoblado, numhabitaciones, personacom ) values (183, '464 Granby Trail', 0, 1, 3, 44);
insert into apartamentos (id, direccion, menaje, amoblado, numhabitaciones, personacom ) values (184, '634 Anzinger Parkway', 1, 0, 3, 48);
insert into apartamentos (id, direccion, menaje, amoblado, numhabitaciones, personacom ) values (185, '3380 Lukken Court', 0, 0, 2, 41);
insert into apartamentos (id, direccion, menaje, amoblado, numhabitaciones, personacom ) values (186, '2110 Mockingbird Junction', 0, 1, 1, 45);
insert into apartamentos (id, direccion, menaje, amoblado, numhabitaciones, personacom ) values (187, '63989 Quincy Park', 1, 0, 1, 49);
insert into apartamentos (id, direccion, menaje, amoblado, numhabitaciones, personacom ) values (188, '68337 Morningstar Center', 0, 1, 3, 48);
insert into apartamentos (id, direccion, menaje, amoblado, numhabitaciones, personacom ) values (189, '38 Spohn Pass', 1, 0, 4, 49);
insert into apartamentos (id, direccion, menaje, amoblado, numhabitaciones, personacom ) values (190, '7481 Mesta Pass', 1, 1, 4, 47);

insert into vdascomunidad (id, direccion, menaje, diasuso, numhabitaciones, personacom) values (191, '35 Summer Ridge Place', 0, 0, 1, 39);
insert into vdascomunidad (id, direccion, menaje, diasuso, numhabitaciones, personacom) values (191, '9 Summerview Road', 1, 0, 5, 49);
insert into vdascomunidad (id, direccion, menaje, diasuso, numhabitaciones, personacom) values (191, '54994 Dorton Place', 1, 0, 5, 45);
insert into vdascomunidad (id, direccion, menaje, diasuso, numhabitaciones, personacom) values (191, '84037 Florence Hill', 1, 0, 3, 48);
insert into vdascomunidad (id, direccion, menaje, diasuso, numhabitaciones, personacom) values (191, '76 Towne Lane', 0, 0, 6, 40);
insert into vdascomunidad (id, direccion, menaje, diasuso, numhabitaciones, personacom) values (191, '161 Donald Alley', 1, 0, 1, 48);
insert into vdascomunidad (id, direccion, menaje, diasuso, numhabitaciones, personacom) values (191, '39772 Homewood Road', 0, 0, 4, 45);
insert into vdascomunidad (id, direccion, menaje, diasuso, numhabitaciones, personacom) values (191, '8 Straubel Court', 1, 0, 6, 41);
insert into vdascomunidad (id, direccion, menaje, diasuso, numhabitaciones, personacom) values (191, '33339 Meadow Vale Hill', 0, 0, 2, 41);
insert into vdascomunidad (id, direccion, menaje, diasuso, numhabitaciones, personacom) values (191, '173 Vernon Pass', 0, 0, 5, 44);

insert into habsuniv (id, ubicacion, numero, menaje, viviendauniv) values (151, '552 Springview Place', 1765, 0, 23);
insert into habsuniv (id, ubicacion, numero, menaje, viviendauniv) values (152, '3737 Golf Trail', 901, 1, 23);
insert into habsuniv (id, ubicacion, numero, menaje, viviendauniv) values (153, '98365 Golden Leaf Parkway', 862, 1, 23);
insert into habsuniv (id, ubicacion, numero, menaje, viviendauniv) values (154, '0831 Buena Vista Court', 745, 1, 23);
insert into habsuniv (id, ubicacion, numero, menaje, viviendauniv) values (155, '741 Eliot Parkway', 1586, 1, 23);
insert into habsuniv (id, ubicacion, numero, menaje, viviendauniv) values (156, '6 Hazelcrest Center', 1579, 0, 23);
insert into habsuniv (id, ubicacion, numero, menaje, viviendauniv) values (157, '4497 Helena Circle', 1137, 1, 23);
insert into habsuniv (id, ubicacion, numero, menaje, viviendauniv) values (158, '8564 Brickson Park Parkway', 776, 0, 23);
insert into habsuniv (id, ubicacion, numero, menaje, viviendauniv) values (159, '453 Fairview Center', 1808, 0, 23);
insert into habsuniv (id, ubicacion, numero, menaje, viviendauniv) values (160, '0 Elmside Crossing', 1488, 1, 23);
insert into habsuniv (id, ubicacion, numero, menaje, viviendauniv) values (161, '8 Leroy Point', 1287, 0, 23);
insert into habsuniv (id, ubicacion, numero, menaje, viviendauniv) values (162, '61 John Wall Parkway', 448, 1, 23);
insert into habsuniv (id, ubicacion, numero, menaje, viviendauniv) values (163, '95 Burning Wood Road', 1042, 0, 23);
insert into habsuniv (id, ubicacion, numero, menaje, viviendauniv) values (164, '42 Gateway Lane', 802, 0, 23);
insert into habsuniv (id, ubicacion, numero, menaje, viviendauniv) values (165, '7822 Oak Street', 913, 0, 23);
insert into habsuniv (id, ubicacion, numero, menaje, viviendauniv) values (166, '755 Kingsford Road', 632, 1, 23);
insert into habsuniv (id, ubicacion, numero, menaje, viviendauniv) values (167, '678 Continental Park', 2011, 1, 23);
insert into habsuniv (id, ubicacion, numero, menaje, viviendauniv) values (168, '1698 Eastlawn Avenue', 1783, 0, 23);
insert into habsuniv (id, ubicacion, numero, menaje, viviendauniv) values (169, '9 Anniversary Point', 978, 0, 23);
insert into habsuniv (id, ubicacion, numero, menaje, viviendauniv) values (170, '8 Michigan Junction', 1047, 1, 23);
insert into habsuniv (id, ubicacion, numero, menaje, viviendauniv) values (171, '2 Anniversary Street', 1534, 1, 23);
insert into habsuniv (id, ubicacion, numero, menaje, viviendauniv) values (172, '0 Namekagon Avenue', 1042, 0, 23);
insert into habsuniv (id, ubicacion, numero, menaje, viviendauniv) values (173, '6112 Roth Place', 113, 1, 23);
insert into habsuniv (id, ubicacion, numero, menaje, viviendauniv) values (174, '63 Dwight Avenue', 842, 1, 23);
insert into habsuniv (id, ubicacion, numero, menaje, viviendauniv) values (175, '286 Artisan Crossing', 798, 0, 23);

insert into habitaciones (id, compartida, numero, hostal, personanat) values (101, 1, 7, 12, null);
insert into habitaciones (id, compartida, numero, hostal, personanat) values (102, 1, 7, 17, null);
insert into habitaciones (id, compartida, numero, hostal, personanat) values (103, 1, 9, 12, null);
insert into habitaciones (id, compartida, numero, hostal, personanat) values (104, 1, 6, 16, null);
insert into habitaciones (id, compartida, numero, hostal, personanat) values (105, 1, 3, 16, null);
insert into habitaciones (id, compartida, numero, hostal, personanat) values (106, 1, 10, 21, null);
insert into habitaciones (id, compartida, numero, hostal, personanat) values (107, 1, 9, 14, null);
insert into habitaciones (id, compartida, numero, hostal, personanat) values (108, 1, 10, 19, null);
insert into habitaciones (id, compartida, numero, hostal, personanat) values (109, 1, 6, 19, null);
insert into habitaciones (id, compartida, numero, hostal, personanat) values (110, 1, 8, 15, null);
insert into habitaciones (id, compartida, numero, hostal, personanat) values (111, 1, 3, 13, null);
insert into habitaciones (id, compartida, numero, hostal, personanat) values (112, 1, 8, 18, null);
insert into habitaciones (id, compartida, numero, hostal, personanat) values (113, 1, 6, 20, null);
insert into habitaciones (id, compartida, numero, hostal, personanat) values (114, 1, 8, 18, null);
insert into habitaciones (id, compartida, numero, hostal, personanat) values (115, 1, 4, 19, null);
insert into habitaciones (id, compartida, numero, hostal, personanat) values (116, 1, 7, 15, null);
insert into habitaciones (id, compartida, numero, hostal, personanat) values (117, 1, 1, 17, null);
insert into habitaciones (id, compartida, numero, hostal, personanat) values (118, 1, 1, 11, null);
insert into habitaciones (id, compartida, numero, hostal, personanat) values (119, 1, 8, 21, null);
insert into habitaciones (id, compartida, numero, hostal, personanat) values (120, 1, 7, 18, null);
insert into habitaciones (id, compartida, numero, hostal, personanat) values (121, 1, 1, 15, null);
insert into habitaciones (id, compartida, numero, hostal, personanat) values (122, 1, 8, 15, null);
insert into habitaciones (id, compartida, numero, hostal, personanat) values (123, 1, 10, 18, null);
insert into habitaciones (id, compartida, numero, hostal, personanat) values (124, 1, 8, 21, null);
insert into habitaciones (id, compartida, numero, hostal, personanat) values (125, 1, 9, 19, null);

insert into habitaciones (id, compartida, numero, hostal, personanat) values (126, 0, null, null, 26);
insert into habitaciones (id, compartida, numero, hostal, personanat) values (127, 0, null, null, 31);
insert into habitaciones (id, compartida, numero, hostal, personanat) values (128, 0, null, null, 30);
insert into habitaciones (id, compartida, numero, hostal, personanat) values (129, 0, null, null, 32);
insert into habitaciones (id, compartida, numero, hostal, personanat) values (130, 0, null, null, 25);
insert into habitaciones (id, compartida, numero, hostal, personanat) values (131, 0, null, null, 24);
insert into habitaciones (id, compartida, numero, hostal, personanat) values (132, 0, null, null, 27);
insert into habitaciones (id, compartida, numero, hostal, personanat) values (133, 0, null, null, 28);
insert into habitaciones (id, compartida, numero, hostal, personanat) values (134, 0, null, null, 38);
insert into habitaciones (id, compartida, numero, hostal, personanat) values (135, 0, null, null, 36);
insert into habitaciones (id, compartida, numero, hostal, personanat) values (136, 0, null, null, 24);
insert into habitaciones (id, compartida, numero, hostal, personanat) values (137, 0, null, null, 26);
insert into habitaciones (id, compartida, numero, hostal, personanat) values (138, 0, null, null, 32);
insert into habitaciones (id, compartida, numero, hostal, personanat) values (139, 0, null, null, 33);
insert into habitaciones (id, compartida, numero, hostal, personanat) values (140, 0, null, null, 38);
insert into habitaciones (id, compartida, numero, hostal, personanat) values (141, 0, null, null, 35);
insert into habitaciones (id, compartida, numero, hostal, personanat) values (142, 0, null, null, 34);
insert into habitaciones (id, compartida, numero, hostal, personanat) values (143, 0, null, null, 26);
insert into habitaciones (id, compartida, numero, hostal, personanat) values (144, 0, null, null, 33);
insert into habitaciones (id, compartida, numero, hostal, personanat) values (145, 0, null, null, 28);
insert into habitaciones (id, compartida, numero, hostal, personanat) values (146, 0, null, null, 32);
insert into habitaciones (id, compartida, numero, hostal, personanat) values (147, 0, null, null, 25);
insert into habitaciones (id, compartida, numero, hostal, personanat) values (148, 0, null, null, 36);
insert into habitaciones (id, compartida, numero, hostal, personanat) values (149, 0, null, null, 38);
insert into habitaciones (id, compartida, numero, hostal, personanat) values (150, 0, null, null, 34);

